"","X","Language","World.Region","Language.Family","Latitude","Longitude","class"
"1",1,"Abaza","Western Asia","Abkhaz-Adyge",40.938823,-74.20013,"Asia"
"2",2,"Abruzzese","Southern Europe","Indo-European",40.773556,-73.927065,"Europe"
"3",3,"Abruzzese","Southern Europe","Indo-European",40.71870175,-73.99578719,"Europe"
"4",4,"Acehnese","Southeastern Asia","Austronesian",40.759046,-73.90984,"Asia"
"5",5,"Acehnese","Southeastern Asia","Austronesian",40.74409,-73.883277,"Asia"
"6",7,"Adyghe","Western Asia","Abkhaz-Adyge",40.938436,-74.201318,"Asia"
"7",21,"Aklanon","Southeastern Asia","Austronesian",40.747282,-73.900335,"Asia"
"8",23,"Alsatian","Western Europe","Indo-European",40.758302,-73.953521,"Europe"
"9",24,"Amdo Tibetan","Eastern Asia","Sino-Tibetan",40.70228112,-73.98375193,"Asia"
"10",25,"Amdo Tibetan","Eastern Asia","Sino-Tibetan",40.747428,-73.891413,"Asia"
"11",31,"Ancient Greek","Southern Europe","Indo-European",40.72359,-74.006388,"Europe"
"12",34,"Arbëresh","Southern Europe","Indo-European",40.553878,-74.137489,"Europe"
"13",35,"Arbëresh","Southern Europe","Indo-European",40.72292322,-73.99188292,"Europe"
"14",36,"Aromanian","Southern Europe","Indo-European",40.70370922,-73.903396,"Europe"
"15",37,"Aromanian","Southern Europe","Indo-European",41.23495,-73.21967,"Europe"
"16",41,"Assyrian Neo-Aramaic","Western Asia","Afro-Asiatic",40.923615,-73.899727,"Asia"
"17",42,"Asturian","Southern Europe","Indo-European",40.758723,-73.917829,"Europe"
"18",44,"Austrian German","Western Europe","Indo-European",40.783122,-73.844181,"Europe"
"19",45,"Austrian German","Western Europe","Indo-European",40.759479,-73.975329,"Europe"
"20",46,"Avar","Western Asia","Nakh-Daghestanian",40.581275,-73.961918,"Asia"
"21",47,"Avestan","Southern Asia","Indo-European",41.168459,-74.052398,"Asia"
"22",49,"Azeri","Western Asia","Turkic",40.592053,-73.956569,"Asia"
"23",50,"Azeri","Western Asia","Turkic",40.63848221,-73.97729244,"Asia"
"24",51,"Azeri","Western Asia","Turkic",40.772544,-74.162679,"Asia"
"25",53,"Bahing","Southern Asia","Sino-Tibetan",40.746508,-73.889608,"Asia"
"26",56,"Balinese","Southeastern Asia","Austronesian",40.741302,-73.876066,"Asia"
"27",57,"Balkan Romani","Southern Europe","Indo-European",40.856912,-73.884968,"Europe"
"28",58,"Balochi","Southern Asia","Indo-European",40.64357398,-73.97020728,"Asia"
"29",62,"Banguingui","Southeastern Asia","Austronesian",40.745902,-73.901535,"Asia"
"30",63,"Banjarese","Southeastern Asia","Austronesian",40.738497,-73.88737,"Asia"
"31",64,"Bantawa","Southern Asia","Sino-Tibetan",40.746544,-73.890042,"Asia"
"32",68,"Baragaun","Southern Asia","Sino-Tibetan",40.634346,-73.965467,"Asia"
"33",69,"Baragaun","Southern Asia","Sino-Tibetan",40.735417,-74.063714,"Asia"
"34",70,"Baragaun","Southern Asia","Sino-Tibetan",40.6959,-73.829633,"Asia"
"35",73,"Bartangi","Central Asia","Indo-European",40.776191,-73.951543,"Asia"
"36",75,"Basque","Southern Europe","Basque",40.7106091,-73.99587896,"Europe"
"37",76,"Basque","Southern Europe","Basque",40.729622,-73.952216,"Europe"
"38",77,"Basque","Southern Europe","Basque",40.728429,-74.164932,"Europe"
"39",79,"Batak","Southeastern Asia","Austronesian",40.73887636,-73.98386337,"Asia"
"40",80,"Batak (Karo)","Southeastern Asia","Austronesian",40.75376818,-73.88596564,"Asia"
"41",81,"Batak (Toba)","Southeastern Asia","Austronesian",40.75415829,-73.88553649,"Asia"
"42",82,"Bavarian","Western Europe","Indo-European",40.701184,-73.88621,"Europe"
"43",83,"Bavarian","Western Europe","Indo-European",40.77839331,-73.95347934,"Europe"
"44",84,"Belarusian","Eastern Europe","Indo-European",40.687024,-73.984569,"Europe"
"45",85,"Belarusian","Eastern Europe","Indo-European",40.712987,-73.797407,"Europe"
"46",86,"Belarusian","Eastern Europe","Indo-European",40.586454,-73.952123,"Europe"
"47",87,"Belarusian","Eastern Europe","Indo-European",40.440222,-74.365218,"Europe"
"48",90,"Bengali","Southern Asia","Indo-European",40.790639,-73.951315,"Asia"
"49",91,"Bengali","Southern Asia","Indo-European",40.729347,-73.983667,"Asia"
"50",92,"Bengali","Southern Asia","Indo-European",40.747287,-73.891825,"Asia"
"51",93,"Bengali","Southern Asia","Indo-European",40.710304,-73.793582,"Asia"
"52",94,"Bengali","Southern Asia","Indo-European",40.642871,-73.97484,"Asia"
"53",95,"Bengali","Southern Asia","Indo-European",40.837645,-73.861228,"Asia"
"54",96,"Bengali","Southern Asia","Indo-European",40.92034873,-74.1866364,"Asia"
"55",97,"Betawi Malay","Southeastern Asia","Austronesian",40.739496,-73.879883,"Asia"
"56",99,"Bhojpuri","Southern Asia","Indo-European",40.750841,-73.891415,"Asia"
"57",100,"Bhojpuri","Southern Asia","Indo-European",39.99928246,-74.19640199,"Asia"
"58",101,"Biblical Hebrew","Western Asia","Afro-Asiatic",40.605168,-73.966359,"Asia"
"59",102,"Biblical Hebrew","Western Asia","Afro-Asiatic",40.09663762,-74.22234516,"Asia"
"60",103,"Biblical Hebrew","Western Asia","Afro-Asiatic",40.850656,-73.929868,"Asia"
"61",104,"Bicolano","Southeastern Asia","Austronesian",40.690666,-74.015281,"Asia"
"62",105,"Bicolano","Southeastern Asia","Austronesian",40.74335,-73.910485,"Asia"
"63",106,"Bishnupriya Manipuri","Southern Asia","Indo-European",40.710322,-73.791475,"Asia"
"64",110,"Bosnian","Southern Europe","Indo-European",40.772142,-73.927305,"Europe"
"65",111,"Bosnian","Southern Europe","Indo-European",40.860401,-74.852318,"Europe"
"66",112,"Bosnian","Southern Europe","Indo-European",40.694783,-73.832949,"Europe"
"67",117,"Breton","Western Europe","Indo-European",40.755764,-73.928146,"Europe"
"68",118,"Breton","Western Europe","Indo-European",40.763304,-73.986284,"Europe"
"69",120,"British English","Northern Europe","Indo-European",40.774731,-73.961174,"Europe"
"70",121,"Buginese","Southeastern Asia","Austronesian",40.758293,-73.911382,"Asia"
"71",122,"Buginese","Southeastern Asia","Austronesian",40.743338,-73.884818,"Asia"
"72",123,"Bukhori","Central Asia","Indo-European",40.721356,-73.846565,"Asia"
"73",124,"Bukhori","Central Asia","Indo-European",40.635082,-73.968348,"Asia"
"74",125,"Bukhori","Central Asia","Indo-European",40.757707,-73.980755,"Asia"
"75",126,"Bulgarian","Eastern Europe","Indo-European",40.765513,-73.994027,"Europe"
"76",127,"Bulgarian","Eastern Europe","Indo-European",40.860271,-73.911578,"Europe"
"77",128,"Bulgarian Turkish","Southern Europe","Turkic",40.612505,-73.979183,"Europe"
"78",130,"Bumthang","Southern Asia","Sino-Tibetan",40.741797,-73.918215,"Asia"
"79",131,"Burmese","Southeastern Asia","Sino-Tibetan",40.743865,-73.891614,"Asia"
"80",132,"Burmese","Southeastern Asia","Sino-Tibetan",40.30188264,-74.34145663,"Asia"
"81",133,"Burmese","Southeastern Asia","Sino-Tibetan",40.757774,-73.981108,"Asia"
"82",134,"Burmese","Southeastern Asia","Sino-Tibetan",40.680147,-73.969152,"Asia"
"83",135,"Burushaski","Southern Asia","Burushaski",40.72364,-73.70576,"Asia"
"84",136,"Buryat","Eastern Europe","Mongolic",40.577059,-73.964834,"Europe"
"85",137,"Bzedukh","Western Asia","Abkhaz-Adyge",40.937197,-74.201826,"Asia"
"86",141,"Cantonese","Eastern Asia","Sino-Tibetan",40.615076,-73.989458,"Asia"
"87",142,"Cantonese","Eastern Asia","Sino-Tibetan",40.715718,-73.999924,"Asia"
"88",143,"Cantonese","Eastern Asia","Sino-Tibetan",40.761066,-73.830145,"Asia"
"89",144,"Cantonese","Eastern Asia","Sino-Tibetan",40.96301562,-74.117481,"Asia"
"90",145,"Cantonese","Eastern Asia","Sino-Tibetan",40.59260888,-74.15852177,"Asia"
"91",146,"Cantonese","Eastern Asia","Sino-Tibetan",40.638684,-74.006304,"Asia"
"92",149,"Castilian Spanish","Southern Europe","Indo-European",40.833398,-73.946913,"Europe"
"93",150,"Castilian Spanish","Southern Europe","Indo-European",40.739387,-74.001223,"Europe"
"94",151,"Catalan","Southern Europe","Indo-European",40.750405,-73.976981,"Europe"
"95",152,"Cebuano","Southeastern Asia","Austronesian",40.729515,-73.981922,"Asia"
"96",153,"Cebuano","Southeastern Asia","Austronesian",40.751374,-73.898383,"Asia"
"97",156,"Central Malay","Southeastern Asia","Austronesian",40.727711,-73.978099,"Asia"
"98",158,"Chak","Southern Asia","Sino-Tibetan",40.754576,-73.89183,"Asia"
"99",159,"Chakhar Mongolian","Eastern Asia","Mongolic",40.64087798,-74.0046173,"Asia"
"100",160,"Chakma","Southern Asia","Indo-European",40.754722,-73.893068,"Asia"
"101",161,"Chaldean Neo-Aramaic","Western Asia","Afro-Asiatic",40.627011,-74.02639,"Asia"
"102",162,"Chamling","Southern Asia","Sino-Tibetan",40.749733,-73.891304,"Asia"
"103",164,"Changzhounese","Eastern Asia","Sino-Tibetan",40.75435,-73.821043,"Asia"
"104",165,"Chantyal","Southern Asia","Sino-Tibetan",40.746817,-73.892825,"Asia"
"105",167,"Chavacano","Southeastern Asia","Indo-European",40.746403,-73.906185,"Asia"
"106",168,"Chechen","Eastern Europe","Nakh-Daghestanian",40.579084,-73.965674,"Europe"
"107",176,"Chittagonian","Southern Asia","Indo-European",40.644528,-73.980279,"Asia"
"108",177,"Chocha-ngacha","Southern Asia","Sino-Tibetan",40.741548,-73.917924,"Asia"
"109",179,"Church Slavonic","Eastern Europe","Indo-European",40.673164,-73.895723,"Europe"
"110",180,"Church Slavonic","Eastern Europe","Indo-European",40.784829,-73.954211,"Europe"
"111",182,"Chuvash","Eastern Europe","Turkic",40.578158,-73.95853,"Europe"
"112",183,"Cilentano","Southern Europe","Indo-European",40.59926696,-73.97477267,"Europe"
"113",184,"Cilentano","Southern Europe","Indo-European",40.789486,-73.81661,"Europe"
"114",185,"Cilentano","Southern Europe","Indo-European",40.717252,-73.94453,"Europe"
"115",186,"Classical Arabic","Western Asia","Afro-Asiatic",40.785419,-73.948707,"Asia"
"116",187,"Classical Arabic","Western Asia","Afro-Asiatic",40.813904,-73.881714,"Asia"
"117",188,"Classical Arabic","Western Asia","Afro-Asiatic",40.712551,-73.795818,"Asia"
"118",189,"Classical Arabic","Western Asia","Afro-Asiatic",40.662943,-73.995138,"Asia"
"119",190,"Classical Armenian","Western Asia","Indo-European",40.772334,-73.747622,"Asia"
"120",191,"Classical Armenian","Western Asia","Indo-European",40.745201,-73.975347,"Asia"
"121",192,"Classical Latin","Southern Europe","Indo-European",40.723281,-74.006397,"Europe"
"122",193,"Classical Tibetan","Eastern Asia","Sino-Tibetan",40.701982,-73.982961,"Asia"
"123",194,"Classical Tibetan","Eastern Asia","Sino-Tibetan",40.744733,-73.889909,"Asia"
"124",195,"Tibetan","Eastern Asia","Sino-Tibetan",40.73713,-73.994551,"Asia"
"125",200,"Cretan Greek","Southern Europe","Indo-European",40.774691,-73.910252,"Europe"
"126",201,"Crimean Tatar","Eastern Europe","Turkic",40.639556,-73.994206,"Europe"
"127",202,"Croatian","Southern Europe","Indo-European",40.75475,-73.916819,"Europe"
"128",203,"Croatian","Southern Europe","Indo-European",40.91254111,-74.41046027,"Europe"
"129",204,"Croatian","Southern Europe","Indo-European",40.759062,-73.996447,"Europe"
"130",209,"Cypriot Greek","Southern Europe","Indo-European",40.770451,-73.920428,"Europe"
"131",210,"Czech","Eastern Europe","Indo-European",40.772692,-73.915752,"Europe"
"132",211,"Czech","Eastern Europe","Indo-European",40.768978,-73.956433,"Europe"
"133",215,"Danish","Western Europe","Indo-European",40.70736718,-74.01190379,"Europe"
"134",216,"Danish","Western Europe","Indo-European",40.633425,-74.013525,"Europe"
"135",217,"Danube Swabian","Western Europe","Indo-European",40.707523,-73.907436,"Europe"
"136",219,"Dari","Southern Asia","Indo-European",40.75536495,-73.50985206,"Asia"
"137",220,"Dari","Southern Asia","Indo-European",40.730073,-73.815297,"Asia"
"138",221,"Dari","Southern Asia","Indo-European",40.757282,-73.979858,"Asia"
"139",222,"Dawei Burmese","Southeastern Asia","Sino-Tibetan",40.7419715,-73.8909139,"Asia"
"140",223,"Dawei Burmese","Southeastern Asia","Sino-Tibetan",40.679355,-73.969275,"Asia"
"141",224,"Dhivehi","Southern Asia","Indo-European",40.750252,-73.972202,"Asia"
"142",226,"Dolpo","Southern Asia","Sino-Tibetan",40.741102,-73.890525,"Asia"
"143",236,"Dungan","Central Asia","Sino-Tibetan",40.587482,-73.955331,"Asia"
"144",237,"Dutch","Western Europe","Indo-European",40.703558,-74.012354,"Europe"
"145",238,"Dutch","Western Europe","Indo-European",40.672746,-73.976674,"Europe"
"146",239,"Dutch","Western Europe","Indo-European",40.690777,-73.813256,"Europe"
"147",243,"Dzongkha","Southern Asia","Sino-Tibetan",40.867499,-73.897842,"Asia"
"148",244,"Dzongkha","Southern Asia","Sino-Tibetan",40.741313,-73.917389,"Asia"
"149",245,"Eastern Armenian","Western Asia","Indo-European",40.588154,-73.950649,"Asia"
"150",247,"Ecclesiastical Latin","Southern Europe","Indo-European",40.676489,-73.985111,"Europe"
"151",248,"Ecclesiastical Latin","Southern Europe","Indo-European",40.752347,-73.988185,"Europe"
"152",267,"Emiliano","Southern Europe","Indo-European",40.711175,-73.995525,"Europe"
"153",268,"Emiliano","Southern Europe","Indo-European",40.58912355,-73.98725892,"Europe"
"154",270,"Estonian","Northern Europe","Uralic",40.761825,-73.922133,"Europe"
"155",271,"Estonian","Northern Europe","Uralic",40.745099,-73.976222,"Europe"
"156",275,"Falam Chin","Southeastern Asia","Sino-Tibetan",40.705194,-73.870511,"Asia"
"157",280,"Finnish","Northern Europe","Uralic",40.64464026,-73.99910117,"Europe"
"158",281,"Finnish","Northern Europe","Uralic",40.73357,-74.003746,"Europe"
"159",282,"Flemish","Western Europe","Indo-European",40.702045,-74.012598,"Europe"
"160",285,"French","Western Europe","Indo-European",40.80753,-73.954228,"Europe"
"161",286,"French","Western Europe","Indo-European",40.74354029,-73.99371622,"Europe"
"162",287,"French","Western Europe","Indo-European",40.68478398,-73.99210325,"Europe"
"163",288,"French","Western Europe","Indo-European",40.826133,-73.923046,"Europe"
"164",289,"French","Western Europe","Indo-European",40.644444,-73.940902,"Europe"
"165",290,"French","Western Europe","Indo-European",40.92718839,-73.75057897,"Europe"
"166",291,"French","Western Europe","Indo-European",40.717258,-73.737712,"Europe"
"167",293,"Frisian","Western Europe","Indo-European",40.704057,-74.013179,"Europe"
"168",294,"Friulian","Southern Europe","Indo-European",40.781529,-73.841491,"Europe"
"169",295,"Friulian","Southern Europe","Indo-European",40.745099,-73.976722,"Europe"
"170",296,"Fujianese","Eastern Asia","Sino-Tibetan",40.609894,-73.990412,"Asia"
"171",297,"Fujianese","Eastern Asia","Sino-Tibetan",40.759697,-73.82916,"Asia"
"172",298,"Fujianese","Eastern Asia","Sino-Tibetan",40.714067,-73.989879,"Asia"
"173",299,"Fujianese","Eastern Asia","Sino-Tibetan",40.636647,-74.006622,"Asia"
"174",306,"Galician","Southern Europe","Indo-European",40.762018,-73.918281,"Europe"
"175",307,"Galician","Southern Europe","Indo-European",40.730751,-74.166664,"Europe"
"176",308,"Galician","Southern Europe","Indo-European",40.740253,-74.004361,"Europe"
"177",309,"Gan","Eastern Asia","Sino-Tibetan",40.749909,-73.819525,"Asia"
"178",314,"Garo","Southern Asia","Sino-Tibetan",40.680108,-73.84699,"Asia"
"179",318,"Georgian","Western Asia","Kartvelian",40.610953,-73.983515,"Asia"
"180",319,"Georgian","Western Asia","Kartvelian",40.734064,-73.852919,"Asia"
"181",320,"Georgian","Western Asia","Kartvelian",40.54184734,-74.58871898,"Asia"
"182",321,"German","Western Europe","Indo-European",40.69679,-73.993207,"Europe"
"183",322,"German","Western Europe","Indo-European",40.727092,-73.980529,"Europe"
"184",323,"German","Western Europe","Indo-European",40.74357842,-74.028147,"Europe"
"185",324,"German","Western Europe","Indo-European",40.706923,-73.905661,"Europe"
"186",325,"German","Western Europe","Indo-European",40.777284,-73.948524,"Europe"
"187",326,"Ghale","Southern Asia","Sino-Tibetan",40.748822,-73.895484,"Asia"
"188",334,"Gottscheerisch","Western Europe","Indo-European",40.706723,-73.905661,"Europe"
"189",336,"Greek","Southern Europe","Indo-European",40.775643,-73.912874,"Europe"
"190",337,"Greek","Southern Europe","Indo-European",40.757729,-73.785225,"Europe"
"191",338,"Greek","Southern Europe","Indo-European",40.627234,-74.030195,"Europe"
"192",339,"Greek","Southern Europe","Indo-European",40.749612,-73.995466,"Europe"
"193",340,"Greek","Southern Europe","Indo-European",40.87593,-73.903766,"Europe"
"194",348,"Gujarati","Southern Asia","Indo-European",40.740641,-73.79204,"Asia"
"195",349,"Gujarati","Southern Asia","Indo-European",40.532153,-74.377658,"Asia"
"196",350,"Gujarati","Southern Asia","Indo-European",40.73574046,-74.06411108,"Asia"
"197",351,"Gujarati","Southern Asia","Indo-European",40.757412,-73.980267,"Asia"
"198",352,"Gulf Arabic","Western Asia","Afro-Asiatic",40.754919,-73.979605,"Asia"
"199",357,"Gurjar","Southern Asia","Indo-European",40.70855637,-73.90905568,"Asia"
"200",359,"Gurung","Southern Asia","Sino-Tibetan",40.755862,-73.896074,"Asia"
"201",360,"Gurung","Southern Asia","Sino-Tibetan",40.698455,-73.908886,"Asia"
"202",365,"Gyalsumdo","Southern Asia","Sino-Tibetan",40.746772,-73.901763,"Asia"
"203",366,"Hainanese (Southern Min)","Eastern Asia","Sino-Tibetan",40.690499,-73.990459,"Asia"
"204",374,"Hakha Chin","Southeastern Asia","Sino-Tibetan",40.705229,-73.870328,"Asia"
"205",375,"Hakka","Eastern Asia","Sino-Tibetan",40.714311,-73.994229,"Asia"
"206",376,"Hakka","Eastern Asia","Sino-Tibetan",40.760818,-73.833342,"Asia"
"207",377,"Hasidic Yiddish","Eastern Europe","Indo-European",40.634067,-73.990777,"Europe"
"208",378,"Hasidic Yiddish","Eastern Europe","Indo-European",40.600409,-73.739648,"Europe"
"209",379,"Hasidic Yiddish","Eastern Europe","Indo-European",41.34057,-74.16988,"Europe"
"210",380,"Hasidic Yiddish","Eastern Europe","Indo-European",40.704775,-73.961838,"Europe"
"211",389,"Hazara","Southern Asia","Indo-European",40.728128,-73.814323,"Asia"
"212",390,"Hebrew","Western Asia","Afro-Asiatic",40.670815,-73.935576,"Asia"
"213",391,"Hebrew","Western Asia","Afro-Asiatic",40.72702851,-73.98383836,"Asia"
"214",392,"Hebrew","Western Asia","Afro-Asiatic",40.93120132,-74.12770896,"Asia"
"215",393,"Hebrew","Western Asia","Afro-Asiatic",40.73000439,-73.82251925,"Asia"
"216",394,"Hebrew","Western Asia","Afro-Asiatic",40.620577,-73.955709,"Asia"
"217",395,"Hebrew","Western Asia","Afro-Asiatic",40.792001,-73.977165,"Asia"
"218",397,"Hindi","Southern Asia","Indo-European",40.5567,-74.397294,"Asia"
"219",398,"Hindi","Southern Asia","Indo-European",40.742535,-73.982537,"Asia"
"220",399,"Hindi","Southern Asia","Indo-European",40.76570723,-73.51577039,"Asia"
"221",400,"Hindi","Southern Asia","Indo-European",40.7364541,-74.06455945,"Asia"
"222",401,"Hindi","Southern Asia","Indo-European",40.733038,-73.794351,"Asia"
"223",402,"Hmong","Southeastern Asia","Hmong-Mien",40.862117,-73.904966,"Asia"
"224",403,"Hokkien","Eastern Asia","Sino-Tibetan",40.734793,-73.878532,"Asia"
"225",405,"Hunanese","Eastern Asia","Sino-Tibetan",40.75721,-73.826851,"Asia"
"226",406,"Hungarian","Eastern Europe","Uralic",40.63017724,-73.99767955,"Europe"
"227",407,"Hungarian","Eastern Europe","Uralic",40.49337106,-74.45617058,"Europe"
"228",408,"Hungarian","Eastern Europe","Uralic",40.776662,-73.954658,"Europe"
"229",409,"Ibaloy","Southeastern Asia","Austronesian",40.73135,-73.982556,"Asia"
"230",410,"Ibaloy","Southeastern Asia","Austronesian",40.751835,-73.907025,"Asia"
"231",411,"Ibanag","Southeastern Asia","Austronesian",40.742092,-73.905746,"Asia"
"232",413,"Icelandic","Northern Europe","Indo-European",40.75559,-73.971203,"Europe"
"233",419,"Ilocano","Southeastern Asia","Austronesian",40.730191,-73.983819,"Asia"
"234",420,"Ilocano","Southeastern Asia","Austronesian",40.74589,-73.900585,"Asia"
"235",421,"Ilonggo","Southeastern Asia","Austronesian",40.728872,-73.978833,"Asia"
"236",422,"Ilonggo","Southeastern Asia","Austronesian",40.745985,-73.898451,"Asia"
"237",423,"Indian English","Southern Asia","Indo-European",40.73706,-73.720778,"Asia"
"238",424,"Indonesian","Southeastern Asia","Austronesian",40.75843,-73.909458,"Asia"
"239",425,"Indonesian","Southeastern Asia","Austronesian",40.743474,-73.882895,"Asia"
"240",426,"Ingush","Eastern Europe","Nakh-Daghestanian",40.577869,-73.961472,"Europe"
"241",427,"Intha Burmese","Southeastern Asia","Sino-Tibetan",40.74323957,-73.88998049,"Asia"
"242",428,"Intha Burmese","Southeastern Asia","Sino-Tibetan",40.679752,-73.969739,"Asia"
"243",430,"Iranun","Southeastern Asia","Austronesian",40.747449,-73.896578,"Asia"
"244",431,"Iraqi Arabic","Western Asia","Afro-Asiatic",40.63311,-74.026957,"Asia"
"245",432,"Iraqi Judeo-Arabic","Western Asia","Afro-Asiatic",40.776993,-73.731505,"Asia"
"246",433,"Iraqi Judeo-Arabic","Western Asia","Afro-Asiatic",40.716811,-73.784893,"Asia"
"247",434,"Irish","Northern Europe","Indo-European",40.766342,-73.993523,"Europe"
"248",435,"Irish","Northern Europe","Indo-European",40.742137,-73.953057,"Europe"
"249",436,"Irish","Northern Europe","Indo-European",40.673147,-74.012234,"Europe"
"250",437,"Irish","Northern Europe","Indo-European",40.89771,-73.867514,"Europe"
"251",438,"Irish English","Northern Europe","Indo-European",40.556108,-73.920208,"Europe"
"252",439,"Irish English","Northern Europe","Indo-European",40.59258795,-73.92489596,"Europe"
"253",440,"Irish English","Northern Europe","Indo-European",40.723318,-73.875565,"Europe"
"254",441,"Irish English","Northern Europe","Indo-European",41.05899,-74.021768,"Europe"
"255",442,"Irish English","Northern Europe","Indo-European",40.898665,-73.867382,"Europe"
"256",443,"Irpino","Southern Europe","Indo-European",40.744329,-73.953411,"Europe"
"257",444,"Isan","Southeastern Asia","Tai-Kadai",40.743661,-73.88755,"Asia"
"258",445,"Ishkashimi","Central Asia","Indo-European",40.613266,-73.993265,"Asia"
"259",446,"Istrioto","Southern Europe","Indo-European",40.771113,-73.919183,"Europe"
"260",447,"Istro-Romanian","Southern Europe","Indo-European",40.77109141,-73.92031607,"Europe"
"261",448,"Istro-Romanian","Southern Europe","Indo-European",40.661541,-73.982741,"Europe"
"262",449,"Istro-Veneto","Southern Europe","Indo-European",40.77133313,-73.91966495,"Europe"
"263",450,"Italian","Southern Europe","Indo-European",40.855983,-73.887308,"Europe"
"264",451,"Italian","Southern Europe","Indo-European",40.605169,-74.004576,"Europe"
"265",452,"Italian","Southern Europe","Indo-European",40.629962,-74.088163,"Europe"
"266",453,"Italian","Southern Europe","Indo-European",40.668947,-73.821576,"Europe"
"267",460,"Iyengar Tamil","Southern Asia","Dravidian",40.57317,-74.345436,"Asia"
"268",466,"Japanese","Eastern Asia","Japonic",40.766775,-73.922318,"Asia"
"269",467,"Japanese","Eastern Asia","Japonic",40.727621,-73.985935,"Asia"
"270",468,"Japanese","Eastern Asia","Japonic",40.704772,-73.939006,"Asia"
"271",469,"Japanese","Eastern Asia","Japonic",40.85339,-73.97428,"Asia"
"272",470,"Japanese","Eastern Asia","Japonic",40.77488,-73.986605,"Asia"
"273",471,"Javanese","Eastern Asia","Austronesian",40.741941,-73.878566,"Asia"
"274",473,"Jewish Babylonian Aramaic","Western Asia","Afro-Asiatic",40.606977,-73.962552,"Asia"
"275",474,"Jewish Babylonian Aramaic","Western Asia","Afro-Asiatic",40.84989701,-73.92890313,"Asia"
"276",480,"Jewish Russian","Eastern Europe","Indo-European",40.57994192,-73.96725197,"Europe"
"277",483,"Judeo-Crimean Tatar","Eastern Europe","Turkic",40.668693,-73.917323,"Europe"
"278",484,"Judeo-Georgian","Western Asia","Kartvelian",40.73395442,-73.85275399,"Asia"
"279",485,"Judeo-Greek","Southern Europe","Indo-European",40.71862,-73.991673,"Europe"
"280",486,"Judeo-Hamadani","Southern Asia","Indo-European",40.734281,-73.84953,"Asia"
"281",487,"Judeo-Isfahani","Southern Asia","Indo-European",40.733281,-73.84953,"Asia"
"282",488,"Judeo-Isfahani","Southern Asia","Indo-European",40.80856026,-73.75067689,"Asia"
"283",489,"Judeo-Kashani","Southern Asia","Indo-European",40.80015,-73.64994,"Asia"
"284",490,"Judeo-Shirazi","Southern Asia","Indo-European",40.80798,-73.73583,"Asia"
"285",491,"Judeo-Shirazi","Southern Asia","Indo-European",40.618963,-73.957177,"Asia"
"286",492,"Judeo-Spanish","Western Asia","Indo-European",40.836816,-73.917396,"Asia"
"287",493,"Judeo-Spanish","Western Asia","Indo-European",40.72725,-73.846444,"Asia"
"288",494,"Judeo-Spanish","Western Asia","Indo-European",40.5958,-73.997232,"Asia"
"289",495,"Judeo-Spanish","Western Asia","Indo-European",40.717873,-73.991319,"Asia"
"290",496,"Juhuri","Western Asia","Indo-European",40.640639,-73.973064,"Asia"
"291",500,"Kabardian","Western Asia","Abkhaz-Adyge",40.937683,-74.201756,"Asia"
"292",503,"Kachin","Southeastern Asia","Sino-Tibetan",40.704969,-73.870381,"Asia"
"293",504,"Kaike","Southern Asia","Sino-Tibetan",40.751523,-73.90219,"Asia"
"294",506,"Kalasha","Southern Asia","Indo-European",40.620702,-73.961784,"Asia"
"295",507,"Kalderash Romani","Eastern Europe","Indo-European",40.734878,-74.004083,"Europe"
"296",508,"Kalmyk","Eastern Europe","Mongolic",40.609657,-73.985816,"Europe"
"297",509,"Kalmyk","Eastern Europe","Mongolic",40.166019,-74.244766,"Europe"
"298",510,"Kannada","Southern Asia","Dravidian",40.779713,-73.468774,"Asia"
"299",511,"Kannada","Southern Asia","Dravidian",40.72212,-73.745294,"Asia"
"300",516,"Karachay-Balkar","Western Asia","Turkic",40.576153,-73.968009,"Asia"
"301",517,"Karachay-Balkar","Western Asia","Turkic",40.890043,-74.153609,"Asia"
"302",518,"Karakalpak","Central Asia","Turkic",40.594925,-73.980978,"Asia"
"303",519,"Karen","Southeastern Asia","Sino-Tibetan",40.740149,-73.87799,"Asia"
"304",520,"Karen","Southeastern Asia","Sino-Tibetan",40.70449796,-73.87086103,"Asia"
"305",521,"Karen","Southeastern Asia","Sino-Tibetan",40.757178,-73.979475,"Asia"
"306",522,"Kariu","Southeastern Asia","Austronesian",40.73662,-73.882338,"Asia"
"307",523,"Kashmiri","Southern Asia","Indo-European",40.709875,-73.795582,"Asia"
"308",525,"Kazakh","Central Asia","Turkic",40.767737,-73.82837,"Asia"
"309",526,"Kazakh","Central Asia","Turkic",40.595451,-73.945969,"Asia"
"310",527,"Khaling","Southern Asia","Sino-Tibetan",40.746015,-73.884032,"Asia"
"311",528,"Khalkha Mongolian","Eastern Asia","Mongolic",40.747761,-73.884976,"Asia"
"312",529,"Kham Magar","Southern Asia","Sino-Tibetan",40.75058,-73.903435,"Asia"
"313",530,"Khmer","Southeastern Asia","Austroasiatic",40.64927,-73.967081,"Asia"
"314",531,"Khmer","Southeastern Asia","Austroasiatic",40.866084,-73.888506,"Asia"
"315",532,"Khowar","Southern Asia","Indo-European",40.73151541,-73.8666465,"Asia"
"316",536,"Kinaray-a","Southeastern Asia","Austronesian",40.755242,-73.907446,"Asia"
"317",542,"Koine Greek","Southern Europe","Indo-European",40.776948,-73.915616,"Europe"
"318",543,"Koine Greek","Southern Europe","Indo-European",40.769808,-73.956357,"Europe"
"319",544,"Konkani","Southern Asia","Indo-European",40.785831,-73.828674,"Asia"
"320",546,"Korean","Eastern Asia","Koreanic",40.761222,-73.826734,"Asia"
"321",547,"Korean","Eastern Asia","Koreanic",40.870575,-73.885387,"Asia"
"322",548,"Korean","Eastern Asia","Koreanic",40.747911,-73.987282,"Asia"
"323",549,"Korean","Eastern Asia","Koreanic",40.84793,-73.99784,"Asia"
"324",550,"Korean","Eastern Asia","Koreanic",40.665523,-73.989552,"Asia"
"325",551,"Koryo-Mar","Central Asia","Koreanic",40.57783,-73.963273,"Asia"
"326",552,"Koryo-Mar","Central Asia","Koreanic",40.668013,-73.988891,"Asia"
"327",558,"Kulung","Southern Asia","Sino-Tibetan",40.749056,-73.886673,"Asia"
"328",561,"Kurdish","Western Asia","Indo-European",40.595475,-73.974278,"Asia"
"329",562,"Kurdish","Western Asia","Indo-European",40.92696716,-74.02628507,"Asia"
"330",563,"Kurtöp","Southern Asia","Sino-Tibetan",40.741254,-73.917736,"Asia"
"331",564,"Kyrgyz","Central Asia","Turkic",40.610502,-73.98252,"Asia"
"332",565,"Lahu","Southeastern Asia","Sino-Tibetan",40.73949,-73.877872,"Asia"
"333",566,"Lahu","Southeastern Asia","Sino-Tibetan",40.70567918,-73.87050169,"Asia"
"334",568,"Lao","Southeastern Asia","Tai-Kadai",40.7403746,-73.88812427,"Asia"
"335",569,"Lao","Southeastern Asia","Tai-Kadai",40.865312,-73.903323,"Asia"
"336",571,"Latvian","Northern Europe","Indo-European",40.860398,-73.909667,"Europe"
"337",572,"Latvian","Northern Europe","Indo-European",40.915748,-73.897693,"Europe"
"338",573,"Lazuri","Western Asia","Kartvelian",40.769971,-73.920678,"Asia"
"339",574,"Lemko","Eastern Europe","Indo-European",40.727475,-73.988019,"Europe"
"340",575,"Lemko","Eastern Europe","Indo-European",40.92938022,-73.8712682,"Europe"
"341",576,"Lezgi","Western Asia","Nakh-Daghestanian",40.590244,-73.960376,"Asia"
"342",580,"Ligurian","Southern Europe","Indo-European",40.729061,-74.001415,"Europe"
"343",582,"Limbu","Southern Asia","Sino-Tibetan",40.746672,-73.889653,"Asia"
"344",583,"Limi","Southern Asia","Sino-Tibetan",40.732779,-73.88217,"Asia"
"345",585,"Lithuanian","Northern Europe","Indo-European",40.75028327,-73.99572993,"Europe"
"346",586,"Lithuanian","Northern Europe","Indo-European",40.724381,-73.901266,"Europe"
"347",587,"Lithuanian","Northern Europe","Indo-European",40.71429,-73.95479,"Europe"
"348",588,"Litvish Yiddish","Northern Europe","Indo-European",40.669049,-73.942831,"Europe"
"349",589,"Litvish Yiddish","Northern Europe","Indo-European",40.095657,-74.221398,"Europe"
"350",590,"Loke","Southern Asia","Sino-Tibetan",40.866588,-73.866451,"Asia"
"351",591,"Loke","Southern Asia","Sino-Tibetan",40.73613299,-74.0631647,"Asia"
"352",592,"Loke","Southern Asia","Sino-Tibetan",40.75001971,-73.90331435,"Asia"
"353",594,"Lombard","Southern Europe","Indo-European",40.727679,-74.000599,"Europe"
"354",595,"Lotha","Southern Asia","Sino-Tibetan",40.50267205,-74.39642605,"Asia"
"355",596,"Lovari Romani","Southern Europe","Indo-European",40.73197,-74.17421,"Europe"
"356",597,"Low German","Western Europe","Indo-European",40.708599,-73.682073,"Europe"
"357",605,"Luri","Southern Asia","Indo-European",40.71048,-73.81387,"Asia"
"358",606,"Luxembourgish","Western Europe","Indo-European",40.75317,-73.964764,"Europe"
"359",607,"Macedonian","Southern Europe","Indo-European",40.70969,-74.017026,"Europe"
"360",608,"Macedonian","Southern Europe","Indo-European",40.857636,-73.884601,"Europe"
"361",609,"Macedonian","Southern Europe","Indo-European",40.781403,-73.843965,"Europe"
"362",610,"Macedonian","Southern Europe","Indo-European",40.87206,-74.112867,"Europe"
"363",611,"Machvaya Romani","Southern Europe","Indo-European",40.70357492,-73.93766838,"Europe"
"364",612,"Madurese","Southeastern Asia","Austronesian",40.758016,-73.911834,"Asia"
"365",613,"Madurese","Southeastern Asia","Austronesian",40.74306,-73.88527,"Asia"
"366",614,"Magar","Southern Asia","Sino-Tibetan",40.752579,-73.902572,"Asia"
"367",615,"Maguindanao","Southeastern Asia","Austronesian",40.749371,-73.9039,"Asia"
"368",617,"Maithili","Southern Asia","Indo-European",40.53033,-74.38145,"Asia"
"369",618,"Maithili","Southern Asia","Indo-European",40.749047,-73.89803,"Asia"
"370",619,"Makassarese","Southeastern Asia","Austronesian",40.759148,-73.911118,"Asia"
"371",620,"Makassarese","Southeastern Asia","Austronesian",40.744192,-73.884555,"Asia"
"372",624,"Malay","Southeastern Asia","Austronesian",40.716908,-73.999855,"Asia"
"373",625,"Malay","Southeastern Asia","Austronesian",40.73229,-73.886619,"Asia"
"374",626,"Malayalam","Southern Asia","Dravidian",40.5021987,-74.6518529,"Asia"
"375",627,"Malayalam","Southern Asia","Dravidian",40.59879,-74.129334,"Asia"
"376",628,"Malayalam","Southern Asia","Dravidian",40.7283,-73.735958,"Asia"
"377",629,"Malayalam","Southern Asia","Dravidian",40.88377,-73.858749,"Asia"
"378",630,"Maltese","Southern Europe","Afro-Asiatic",40.771549,-73.919636,"Europe"
"379",636,"Mamuju","Southeastern Asia","Austronesian",40.743982,-73.883867,"Asia"
"380",637,"Manado Malay","Southeastern Asia","Austronesian",40.735707,-73.886892,"Asia"
"381",638,"Manang","Southern Asia","Sino-Tibetan",40.74887,-73.912785,"Asia"
"382",639,"Mandarin Chinese","Eastern Asia","Sino-Tibetan",40.716722,-73.997864,"Asia"
"383",640,"Mandarin Chinese","Eastern Asia","Sino-Tibetan",40.739155,-73.877471,"Asia"
"384",641,"Mandarin Chinese","Eastern Asia","Sino-Tibetan",40.761419,-73.833042,"Asia"
"385",642,"Mandarin Chinese","Eastern Asia","Sino-Tibetan",40.7997916,-73.54965576,"Asia"
"386",643,"Mandarin Chinese","Eastern Asia","Sino-Tibetan",40.85005679,-73.85063885,"Asia"
"387",644,"Mandarin Chinese","Eastern Asia","Sino-Tibetan",40.31679543,-74.7136503,"Asia"
"388",645,"Mandarin Chinese","Eastern Asia","Sino-Tibetan",40.642766,-74.00205,"Asia"
"389",651,"Manggarai","Southeastern Asia","Austronesian",40.742028,-73.88311,"Asia"
"390",659,"Maranao","Southeastern Asia","Austronesian",40.758292,-73.91033,"Asia"
"391",660,"Maranao","Southeastern Asia","Austronesian",40.745963,-73.89931,"Asia"
"392",661,"Marathi","Southern Asia","Indo-European",40.742349,-73.982677,"Asia"
"393",662,"Marathi","Southern Asia","Indo-European",40.45165816,-74.24089186,"Asia"
"394",663,"Marathi","Southern Asia","Indo-European",40.701018,-73.834263,"Asia"
"395",664,"Marchigiano","Southern Europe","Indo-European",41.298876,-72.932499,"Europe"
"396",666,"Marma","Southern Asia","Sino-Tibetan",40.753943,-73.891685,"Asia"
"397",669,"Marwari","Southern Asia","Indo-European",40.738838,-73.795859,"Asia"
"398",674,"Mazanderani","Southern Asia","Indo-European",40.49776514,-74.43564009,"Asia"
"399",677,"Meitei","Southern Asia","Sino-Tibetan",40.752493,-73.826712,"Asia"
"400",687,"Mien","Southeastern Asia","Hmong-Mien",40.867032,-73.907213,"Asia"
"401",688,"Minangkabau","Southeastern Asia","Austronesian",40.741917,-73.887184,"Asia"
"402",689,"Mingrelian","Western Asia","Kartvelian",40.611253,-73.982515,"Asia"
"403",701,"Moldovan","Eastern Europe","Indo-European",40.612929,-73.962739,"Europe"
"404",702,"Moldovan","Eastern Europe","Indo-European",40.744818,-73.923978,"Europe"
"405",703,"Mon","Southeastern Asia","Austroasiatic",40.679819,-73.968752,"Asia"
"406",705,"Monguor","Eastern Asia","Mongolic",40.749106,-73.888125,"Asia"
"407",707,"Montenegrin","Southern Europe","Indo-European",40.767877,-73.934027,"Europe"
"408",708,"Montenegrin","Southern Europe","Indo-European",40.704507,-73.901745,"Europe"
"409",721,"Mugu","Southern Asia","Sino-Tibetan",40.748919,-73.891109,"Asia"
"410",722,"Munda","Southern Asia","Austroasiatic",40.705068,-73.801288,"Asia"
"411",723,"Palembang","Southeastern Asia","Austronesian",40.73908,-73.886131,"Asia"
"412",725,"Nachhiring","Southern Asia","Sino-Tibetan",40.752235,-73.894375,"Asia"
"413",732,"Nar-Phu","Southern Asia","Sino-Tibetan",40.749967,-73.912624,"Asia"
"414",739,"Neapolitan","Southern Europe","Indo-European",40.795147,-73.933783,"Europe"
"415",740,"Neapolitan","Southern Europe","Indo-European",40.719126,-73.997061,"Europe"
"416",741,"Neapolitan","Southern Europe","Indo-European",40.84914966,-73.85492159,"Europe"
"417",742,"Neapolitan","Southern Europe","Indo-European",40.715745,-73.95267,"Europe"
"418",743,"Neo-Mandaic","Southern Asia","Afro-Asiatic",40.739388,-73.790656,"Asia"
"419",744,"Nepali","Southern Asia","Indo-European",40.63476708,-73.96480007,"Asia"
"420",745,"Nepali","Southern Asia","Indo-European",40.747477,-73.888919,"Asia"
"421",746,"Nepali","Southern Asia","Indo-European",40.868601,-73.902111,"Asia"
"422",747,"Nepali","Southern Asia","Indo-European",40.699455,-73.909886,"Asia"
"423",749,"Newari","Southern Asia","Sino-Tibetan",40.748329,-73.891358,"Asia"
"424",752,"Noakhailla","Southern Asia","Indo-European",40.642774,-73.978586,"Asia"
"425",753,"Nones","Southern Europe","Indo-European",40.749123,-73.999578,"Europe"
"426",754,"Nones","Southern Europe","Indo-European",40.701967,-73.909596,"Europe"
"427",755,"North Levantine Arabic","Western Asia","Afro-Asiatic",40.767559,-73.912012,"Asia"
"428",756,"North Levantine Arabic","Western Asia","Afro-Asiatic",40.63236251,-74.02127584,"Asia"
"429",757,"North Levantine Arabic","Western Asia","Afro-Asiatic",40.69011235,-73.99264034,"Asia"
"430",758,"North Levantine Arabic","Western Asia","Afro-Asiatic",40.708399,-74.014178,"Asia"
"431",759,"North Levantine Arabic","Western Asia","Afro-Asiatic",40.934797,-73.894912,"Asia"
"432",760,"Northeastern Mandarin Chinese","Eastern Asia","Sino-Tibetan",40.762554,-73.831411,"Asia"
"433",761,"Northern Fujianese","Eastern Asia","Sino-Tibetan",40.610894,-73.990412,"Asia"
"434",762,"Northern Fujianese","Eastern Asia","Sino-Tibetan",40.71492,-73.990687,"Asia"
"435",764,"Northern Thai","Southeastern Asia","Tai-Kadai",40.740219,-73.887606,"Asia"
"436",765,"Norwegian","Northern Europe","Indo-European",40.628443,-74.023236,"Europe"
"437",766,"Norwegian","Northern Europe","Indo-European",40.70698905,-74.01252394,"Europe"
"438",768,"Nubri","Southern Asia","Sino-Tibetan",40.740202,-73.879554,"Asia"
"439",770,"Occitan","Southern Europe","Indo-European",40.77736226,-73.95770167,"Europe"
"440",771,"Odia","Southern Asia","Indo-European",40.7534,-73.817482,"Asia"
"441",774,"Okinawan","Eastern Asia","Japonic",40.761225,-73.731879,"Asia"
"442",777,"Ossetian","Eastern Europe","Indo-European",40.579576,-73.963143,"Europe"
"443",781,"Pa'O","Southeastern Asia","Sino-Tibetan",40.70582964,-73.87011545,"Asia"
"444",782,"Pakistani English","Southern Asia","Indo-European",40.63245567,-73.96590723,"Asia"
"445",783,"Pakistani English","Southern Asia","Indo-European",40.74971646,-73.8939521,"Asia"
"446",784,"Palatine German","Western Europe","Indo-European",40.688855,-74.019092,"Europe"
"447",786,"Pali","Southern Asia","Indo-European",40.63614,-74.143197,"Asia"
"448",787,"Pali","Southern Asia","Indo-European",40.727853,-73.751883,"Asia"
"449",788,"Pampangan","Southeastern Asia","Austronesian",40.746258,-73.896194,"Asia"
"450",792,"Pangasinan","Southeastern Asia","Austronesian",40.731232,-73.985815,"Asia"
"451",793,"Pangasinan","Southeastern Asia","Austronesian",40.74415,-73.902151,"Asia"
"452",796,"Pashto","Southern Asia","Indo-European",40.726405,-73.810443,"Asia"
"453",797,"Pashto","Southern Asia","Indo-European",40.63236908,-73.96733112,"Asia"
"454",798,"Persian","Southern Asia","Indo-European",40.711015,-74.008764,"Asia"
"455",799,"Persian","Southern Asia","Indo-European",40.80072,-73.72801,"Asia"
"456",800,"Persian","Southern Asia","Indo-European",40.701187,-73.814804,"Asia"
"457",801,"Persian","Southern Asia","Indo-European",40.613706,-73.969003,"Asia"
"458",803,"Philippine English","Southeastern Asia","Indo-European",40.7295349,-73.98113584,"Asia"
"459",804,"Philippine English","Southeastern Asia","Indo-European",40.745648,-73.896028,"Asia"
"460",805,"Piedmontese","Southern Europe","Indo-European",40.730354,-74.002786,"Europe"
"461",807,"Polish","Eastern Europe","Indo-European",40.726749,-73.984901,"Europe"
"462",808,"Polish","Eastern Europe","Indo-European",40.729501,-73.949517,"Europe"
"463",809,"Polish","Eastern Europe","Indo-European",40.62887008,-74.24255226,"Europe"
"464",810,"Polish","Eastern Europe","Indo-European",40.72445,-73.903433,"Europe"
"465",811,"Polish","Eastern Europe","Indo-European",40.92051589,-72.66891614,"Europe"
"466",812,"Polish","Eastern Europe","Indo-European",40.660938,-73.998529,"Europe"
"467",813,"Pontic Greek","Southern Europe","Indo-European",40.767115,-73.883709,"Europe"
"468",814,"Pontic Greek","Southern Europe","Indo-European",41.117337,-73.412977,"Europe"
"469",816,"Portuguese","Southern Europe","Indo-European",40.68009,-74.001217,"Europe"
"470",817,"Portuguese","Southern Europe","Indo-European",40.70469235,-74.01090212,"Europe"
"471",818,"Portuguese","Southern Europe","Indo-European",40.696955,-73.803831,"Europe"
"472",819,"Portuguese","Southern Europe","Indo-European",40.73166091,-74.16293247,"Europe"
"473",820,"Pothwari","Southern Asia","Indo-European",40.63235707,-73.96705032,"Asia"
"474",828,"Pugliese (Barese)","Southern Europe","Indo-European",40.718155,-73.997684,"Europe"
"475",829,"Pugliese (Bitettese)","Southern Europe","Indo-European",40.61786962,-73.94165669,"Europe"
"476",830,"Pugliese (Casamassimese)","Southern Europe","Indo-European",40.703203,-74.095082,"Europe"
"477",831,"Pugliese (Conversanese)","Southern Europe","Indo-European",40.78522443,-73.81661627,"Europe"
"478",832,"Pugliese (Garganico)","Southern Europe","Indo-European",40.856658,-73.886523,"Europe"
"479",833,"Pugliese (Molese)","Southern Europe","Indo-European",40.678017,-73.997837,"Europe"
"480",834,"Pugliese (Molese)","Southern Europe","Indo-European",40.561182,-74.104524,"Europe"
"481",835,"Pugliese (Molfettese)","Southern Europe","Indo-European",40.742335,-74.036384,"Europe"
"482",836,"Punjabi","Southern Asia","Indo-European",40.726024,-73.725404,"Asia"
"483",837,"Punjabi","Southern Asia","Indo-European",40.72283517,-73.9864742,"Asia"
"484",838,"Punjabi","Southern Asia","Indo-European",40.73696801,-74.06989929,"Asia"
"485",839,"Punjabi","Southern Asia","Indo-European",40.63155866,-73.96582408,"Asia"
"486",840,"Punjabi","Southern Asia","Indo-European",40.691365,-73.827835,"Asia"
"487",844,"Rakhine","Southeastern Asia","Sino-Tibetan",40.74371103,-73.89160054,"Asia"
"488",845,"Rakhine","Southeastern Asia","Sino-Tibetan",40.67974,-73.96921,"Asia"
"489",846,"Ramaluk","Southern Asia","Sino-Tibetan",40.74699277,-73.89161824,"Asia"
"490",847,"Rangpuri","Southern Asia","Indo-European",40.687334,-73.835771,"Asia"
"491",848,"Romani","Southern Europe","Indo-European",40.721744,-73.99335721,"Europe"
"492",849,"Romani","Southern Europe","Indo-European",40.70152109,-73.90802983,"Europe"
"493",850,"Romanian","Eastern Europe","Indo-European",40.70541286,-73.90177778,"Europe"
"494",851,"Romanian","Eastern Europe","Indo-European",40.745089,-73.921225,"Europe"
"495",852,"Romanian","Eastern Europe","Indo-European",40.787847,-73.9697,"Europe"
"496",853,"Romansh","Western Europe","Indo-European",40.588353,-73.956461,"Europe"
"497",854,"Rushani","Central Asia","Indo-European",40.617724,-73.982681,"Asia"
"498",855,"Rushani","Central Asia","Indo-European",40.731044,-73.867194,"Asia"
"499",856,"Russian","Eastern Europe","Indo-European",40.57539,-73.961612,"Europe"
"500",857,"Russian","Eastern Europe","Indo-European",40.571637,-74.093101,"Europe"
"501",858,"Russian","Eastern Europe","Indo-European",40.902686,-73.902505,"Europe"
"502",859,"Russian","Eastern Europe","Indo-European",40.729051,-73.860054,"Europe"
"503",860,"Russian","Eastern Europe","Indo-European",40.83949708,-73.65098877,"Europe"
"504",861,"Russian","Eastern Europe","Indo-European",40.78897593,-73.95423556,"Europe"
"505",862,"Rusyn","Eastern Europe","Indo-European",40.727934,-73.982772,"Europe"
"506",863,"Rusyn","Eastern Europe","Indo-European",40.54321708,-74.60723156,"Europe"
"507",864,"Rusyn","Eastern Europe","Indo-European",40.71942159,-73.95342952,"Europe"
"508",865,"Rusyn","Eastern Europe","Indo-European",40.88376112,-74.20264294,"Europe"
"509",866,"Sami","Northern Europe","Uralic",40.64637419,-74.0035,"Europe"
"510",868,"Sampang","Southern Asia","Sino-Tibetan",40.746188,-73.889129,"Asia"
"511",869,"Sandwippa","Southern Asia","Indo-European",40.641732,-73.982326,"Asia"
"512",871,"Sangsari","Southern Asia","Indo-European",40.708068,-73.828673,"Asia"
"513",872,"Sanskrit","Southern Asia","Indo-European",40.752992,-73.816982,"Asia"
"514",873,"Sanskrit","Southern Asia","Indo-European",40.682057,-73.853563,"Asia"
"515",874,"Santali","Southern Asia","Indo-European",40.703264,-73.805105,"Asia"
"516",875,"Saraiki","Southern Asia","Indo-European",40.62975153,-73.96627248,"Asia"
"517",876,"Sasak","Southeastern Asia","Austronesian",40.757561,-73.911035,"Asia"
"518",877,"Sasak","Southeastern Asia","Austronesian",40.742606,-73.884472,"Asia"
"519",878,"Scots","Northern Europe","Indo-European",40.757643,-74.156355,"Europe"
"520",879,"Scots","Northern Europe","Indo-European",40.725598,-74.00584,"Europe"
"521",880,"Scottish Gaelic","Northern Europe","Indo-European",40.753742,-73.992103,"Europe"
"522",881,"Seke","Southern Asia","Sino-Tibetan",40.64219974,-73.96176433,"Asia"
"523",882,"Seke","Southern Asia","Sino-Tibetan",40.748514,-73.890595,"Asia"
"524",885,"Serbian","Southern Europe","Indo-European",40.65913936,-74.21633314,"Europe"
"525",886,"Serbian","Southern Europe","Indo-European",40.744062,-73.989949,"Europe"
"526",887,"Serbian","Southern Europe","Indo-European",40.69963,-73.888709,"Europe"
"527",891,"Shan","Southeastern Asia","Tai-Kadai",40.739978,-73.878612,"Asia"
"528",892,"Shan","Southeastern Asia","Tai-Kadai",40.70558564,-73.87082892,"Asia"
"529",893,"Shan","Southeastern Asia","Tai-Kadai",40.67949,-73.968762,"Asia"
"530",894,"Shanghainese","Eastern Asia","Sino-Tibetan",40.715912,-73.996684,"Asia"
"531",895,"Shanghainese","Eastern Asia","Sino-Tibetan",40.751374,-73.823498,"Asia"
"532",896,"Shapsug","Western Asia","Abkhaz-Adyge",40.938236,-74.201781,"Asia"
"533",897,"Sharchop","Southern Asia","Sino-Tibetan",40.741297,-73.918333,"Asia"
"534",898,"Sherpa","Southern Asia","Sino-Tibetan",40.745408,-73.8895555,"Asia"
"535",899,"Sherpa","Southern Asia","Sino-Tibetan",40.640372,-73.96564,"Asia"
"536",900,"Shina","Southern Asia","Indo-European",40.632465,-74.006391,"Asia"
"537",901,"Shina","Southern Asia","Indo-European",40.73186501,-73.86658213,"Asia"
"538",905,"Shughni","Southern Asia","Indo-European",40.617631,-73.990366,"Asia"
"539",906,"Shughni","Southern Asia","Indo-European",40.731689,-73.867039,"Asia"
"540",908,"Sichuanese","Eastern Asia","Sino-Tibetan",40.754672,-73.824709,"Asia"
"541",909,"Sicilian","Southern Europe","Indo-European",40.666198,-74.121954,"Europe"
"542",910,"Sicilian","Southern Europe","Indo-European",40.8547436,-73.88834188,"Europe"
"543",911,"Sicilian","Southern Europe","Indo-European",40.685819,-73.995809,"Europe"
"544",912,"Sicilian","Southern Europe","Indo-European",40.59537677,-73.99041031,"Europe"
"545",913,"Sicilian","Southern Europe","Indo-European",40.717594,-73.99632,"Europe"
"546",914,"Sicilian","Southern Europe","Indo-European",40.707108,-73.903259,"Europe"
"547",918,"Denjongke","Southern Asia","Sino-Tibetan",40.7526,-73.9243,"Asia"
"548",919,"Silesian","Eastern Europe","Indo-European",40.731949,-73.949975,"Europe"
"549",920,"Sindhi","Southern Asia","Indo-European",40.743501,-73.889015,"Asia"
"550",921,"Sindhi","Southern Asia","Indo-European",40.74202,-73.98291,"Asia"
"551",922,"Sindhi","Southern Asia","Indo-European",40.63031543,-73.9660899,"Asia"
"552",923,"Singlish","Southeastern Asia","Indo-European",40.753147,-73.968607,"Asia"
"553",924,"Sinhalese","Southern Asia","Indo-European",40.625724,-74.075211,"Asia"
"554",925,"Sinhalese","Southern Asia","Indo-European",40.40002942,-74.58920329,"Asia"
"555",926,"Sinhalese","Southern Asia","Indo-European",40.727853,-73.750883,"Asia"
"556",928,"Slovak","Eastern Europe","Indo-European",40.72370739,-73.95087109,"Europe"
"557",929,"Slovak","Eastern Europe","Indo-European",40.763807,-73.958091,"Europe"
"558",930,"Slovak","Eastern Europe","Indo-European",40.948007,-73.873622,"Europe"
"559",931,"Slovenian","Eastern Europe","Indo-European",40.727947,-73.986446,"Europe"
"560",932,"Slovenian","Eastern Europe","Indo-European",40.70671312,-73.90525162,"Europe"
"561",939,"South Levantine Arabic","Western Asia","Afro-Asiatic",40.63548973,-74.02053695,"Asia"
"562",940,"South Levantine Arabic","Western Asia","Afro-Asiatic",40.918426,-74.167821,"Asia"
"563",944,"Sri Lankan English","Southern Asia","Indo-European",40.628022,-74.074366,"Asia"
"564",945,"Sri Lankan Tamil","Southern Asia","Dravidian",40.615925,-74.102898,"Asia"
"565",946,"Sri Lankan Tamil","Southern Asia","Dravidian",40.715457,-73.741532,"Asia"
"566",951,"Sundanese","Southeastern Asia","Austronesian",40.758821,-73.911804,"Asia"
"567",952,"Sundanese","Southeastern Asia","Austronesian",40.743866,-73.885241,"Asia"
"568",953,"Sunwar","Southern Asia","Sino-Tibetan",40.746141,-73.890133,"Asia"
"569",956,"Svan","Western Asia","Kartvelian",40.615344,-73.996824,"Asia"
"570",957,"Swabian","Western Europe","Indo-European",40.72615665,-73.98336473,"Europe"
"571",962,"Swiss German","Western Europe","Indo-European",40.751549,-73.976685,"Europe"
"572",963,"Sylheti","Southern Asia","Indo-European",40.757027,-73.930985,"Asia"
"573",964,"Sylheti","Southern Asia","Indo-European",40.639024,-73.975506,"Asia"
"574",965,"Sylheti","Southern Asia","Indo-European",40.877143,-73.879021,"Asia"
"575",966,"Sylheti","Southern Asia","Indo-European",40.680082,-73.861136,"Asia"
"576",967,"Syriac","Western Asia","Afro-Asiatic",40.687837,-73.984766,"Asia"
"577",968,"Syriac","Western Asia","Afro-Asiatic",40.952931,-74.076824,"Asia"
"578",969,"Syrian Judeo-Arabic","Western Asia","Afro-Asiatic",40.71750208,-73.99122362,"Asia"
"579",970,"Syrian Judeo-Arabic","Western Asia","Afro-Asiatic",40.252374,-74.001209,"Asia"
"580",971,"Syrian Judeo-Arabic","Western Asia","Afro-Asiatic",40.599219,-73.966234,"Asia"
"581",972,"Syro-Malankara Syriac","Southern Asia","Afro-Asiatic",40.744794,-73.712307,"Asia"
"582",973,"Tagalog","Southeastern Asia","Austronesian",40.730095,-73.980013,"Asia"
"583",974,"Tagalog","Southeastern Asia","Austronesian",40.714214,-73.777095,"Asia"
"584",975,"Tagalog","Southeastern Asia","Austronesian",40.73491125,-74.05902501,"Asia"
"585",976,"Tagalog","Southeastern Asia","Austronesian",40.833352,-73.90282,"Asia"
"586",977,"Tagalog","Southeastern Asia","Austronesian",40.74637,-73.895345,"Asia"
"587",979,"Taishanese","Eastern Asia","Sino-Tibetan",40.754,-73.829123,"Asia"
"588",980,"Taishanese","Eastern Asia","Sino-Tibetan",40.719229,-73.996307,"Asia"
"589",981,"Taishanese","Eastern Asia","Sino-Tibetan",40.61862277,-73.98428289,"Asia"
"590",982,"Taiwanese","Eastern Asia","Sino-Tibetan",40.763296,-73.829564,"Asia"
"591",983,"Taiwanese","Eastern Asia","Sino-Tibetan",40.640121,-74.008508,"Asia"
"592",984,"Tajik","Central Asia","Indo-European",40.724723,-73.847605,"Asia"
"593",985,"Tajik","Central Asia","Indo-European",40.584019,-73.950845,"Asia"
"594",986,"Tamang","Southern Asia","Sino-Tibetan",40.698555,-73.907886,"Asia"
"595",987,"Tamang","Southern Asia","Sino-Tibetan",40.742475,-73.904506,"Asia"
"596",988,"Tamil","Southern Asia","Dravidian",40.628745,-74.636082,"Asia"
"597",989,"Tamil","Southern Asia","Dravidian",40.754806,-73.716303,"Asia"
"598",990,"Tamil","Southern Asia","Dravidian",40.74148533,-73.98309462,"Asia"
"599",991,"Tamil","Southern Asia","Dravidian",40.73572974,-74.06629813,"Asia"
"600",994,"Tatar","Eastern Europe","Turkic",40.781358,-73.845833,"Europe"
"601",995,"Tatar","Eastern Europe","Turkic",40.71201,-73.946781,"Europe"
"602",996,"Tausug","Southeastern Asia","Austronesian",40.745807,-73.902607,"Asia"
"603",998,"Tedim Chin","Southeastern Asia","Sino-Tibetan",40.70554905,-73.87129026,"Asia"
"604",999,"Telugu","Southern Asia","Dravidian",40.750112,-73.762918,"Asia"
"605",1000,"Telugu","Southern Asia","Dravidian",40.542939,-74.32825,"Asia"
"606",1001,"Telugu","Southern Asia","Dravidian",40.73564041,-74.06588913,"Asia"
"607",1006,"Teochew","Eastern Asia","Sino-Tibetan",40.715785,-73.998674,"Asia"
"608",1007,"Teochew","Eastern Asia","Sino-Tibetan",40.908864,-73.880689,"Asia"
"609",1009,"Tetum","Southeastern Asia","Austronesian",40.75217,-73.966173,"Asia"
"610",1010,"Thai","Southeastern Asia","Tai-Kadai",40.86357416,-73.09402532,"Asia"
"611",1011,"Thai","Southeastern Asia","Tai-Kadai",40.74033802,-73.88727133,"Asia"
"612",1012,"Thai","Southeastern Asia","Tai-Kadai",40.761009,-73.990538,"Asia"
"613",1013,"Thai","Southeastern Asia","Tai-Kadai",40.85373,-73.900376,"Asia"
"614",1014,"Thakali","Southern Asia","Sino-Tibetan",40.640355,-73.966977,"Asia"
"615",1015,"Thakali","Southern Asia","Sino-Tibetan",40.748901,-73.891471,"Asia"
"616",1016,"Tharu","Southern Asia","Indo-European",40.74933,-73.893447,"Asia"
"617",1017,"Tibetan","Eastern Asia","Sino-Tibetan",40.73993933,-73.87942265,"Asia"
"618",1018,"Tibetan","Eastern Asia","Sino-Tibetan",40.63354626,-73.96578349,"Asia"
"619",1019,"Tibetan","Eastern Asia","Sino-Tibetan",40.858839,-73.865862,"Asia"
"620",1020,"Tibetan","Eastern Asia","Sino-Tibetan",41.55620183,-74.1803347,"Asia"
"621",1021,"Tibetan","Eastern Asia","Sino-Tibetan",40.75567,-73.904271,"Asia"
"622",1028,"Tö Tibetan","Eastern Asia","Sino-Tibetan",40.744343,-73.919346,"Asia"
"623",1031,"Tokpe Gola","Southern Asia","Sino-Tibetan",40.746539,-73.892884,"Asia"
"624",1034,"Tontemboan","Southeastern Asia","Austronesian",40.737896,-73.875623,"Asia"
"625",1035,"Tosk Albanian","Southern Europe","Indo-European",40.61261055,-73.97947346,"Europe"
"626",1036,"Tosk Albanian","Southern Europe","Indo-European",40.721232,-73.784371,"Europe"
"627",1037,"Tosk Albanian","Southern Europe","Indo-European",40.704121,-73.895448,"Europe"
"628",1042,"Tripuri","Southern Asia","Sino-Tibetan",40.75482,-73.891022,"Asia"
"629",1044,"Tsum","Southern Asia","Sino-Tibetan",40.752061,-73.895899,"Asia"
"630",1047,"Tulu","Southern Asia","Dravidian",40.75272,-73.816919,"Asia"
"631",1051,"Turkish","Western Asia","Turkic",40.582256,-73.965657,"Asia"
"632",1052,"Turkish","Western Asia","Turkic",40.749019,-73.995953,"Asia"
"633",1053,"Turkish","Western Asia","Turkic",40.892809,-74.142168,"Asia"
"634",1054,"Turkish","Western Asia","Turkic",40.743606,-73.919427,"Asia"
"635",1055,"Turkmen","Central Asia","Turkic",40.610069,-73.994898,"Asia"
"636",1056,"Turoyo Neo-Aramaic","Western Asia","Afro-Asiatic",40.956399,-74.009313,"Asia"
"637",1057,"Tuscan","Southern Europe","Indo-European",40.728591,-74.000681,"Europe"
"638",1058,"Tuvan","Eastern Europe","Turkic",40.5764508,-73.96639099,"Europe"
"639",1066,"Ü-Tsang Tibetan","Eastern Asia","Sino-Tibetan",40.747601,-73.891702,"Asia"
"640",1067,"Uyghur","Eastern Asia","Turkic",40.57772,-73.955372,"Asia"
"641",1068,"Uyghur","Eastern Asia","Turkic",40.756503,-73.830804,"Asia"
"642",1069,"Ulster Scots","Northern Europe","Indo-European",40.70938683,-74.00805154,"Europe"
"643",1072,"Urdu","Southern Asia","Indo-European",40.631056,-73.966223,"Asia"
"644",1073,"Urdu","Southern Asia","Indo-European",40.750582,-73.894176,"Asia"
"645",1074,"Urdu","Southern Asia","Indo-European",40.710311,-73.794989,"Asia"
"646",1075,"Urdu","Southern Asia","Indo-European",40.722908,-74.05999761,"Asia"
"647",1076,"Urdu","Southern Asia","Indo-European",40.611024,-74.08737,"Asia"
"648",1077,"Urdu","Southern Asia","Indo-European",40.839072,-73.865737,"Asia"
"649",1079,"Uzbek","Central Asia","Turkic",40.611249,-73.995133,"Asia"
"650",1080,"Uzbek","Central Asia","Turkic",40.886361,-74.570161,"Asia"
"651",1081,"Uzbek","Central Asia","Turkic",40.722512,-73.844181,"Asia"
"652",1083,"Venetian","Southern Europe","Indo-European",40.704999,-74.008857,"Europe"
"653",1084,"Vietnamese","Southeastern Asia","Austroasiatic",40.617997,-73.993985,"Asia"
"654",1085,"Vietnamese","Southeastern Asia","Austroasiatic",40.743318,-73.887094,"Asia"
"655",1086,"Vietnamese","Southeastern Asia","Austroasiatic",40.721381,-73.991177,"Asia"
"656",1087,"Vietnamese","Southeastern Asia","Austroasiatic",40.846661,-73.888751,"Asia"
"657",1090,"Volga Tatar","Eastern Europe","Turkic",40.575011,-73.963777,"Europe"
"658",1091,"Wa","Southeastern Asia","Austroasiatic",40.7421422,-73.89048475,"Asia"
"659",1092,"Wa","Southeastern Asia","Austroasiatic",40.705123,-73.870728,"Asia"
"660",1093,"Wa","Southeastern Asia","Austroasiatic",40.680076,-73.969581,"Asia"
"661",1094,"Wakhi","Southern Asia","Indo-European",40.615914,-73.986488,"Asia"
"662",1096,"Walloon","Western Europe","Indo-European",40.701345,-74.012598,"Europe"
"663",1097,"Walung","Southern Asia","Sino-Tibetan",40.756795,-73.899191,"Asia"
"664",1098,"Waray-Waray","Southeastern Asia","Austronesian",40.748374,-73.896069,"Asia"
"665",1099,"Welsh","Northern Europe","Indo-European",40.779649,-73.982239,"Europe"
"666",1100,"Wenzhounese","Eastern Asia","Sino-Tibetan",40.713266,-73.99703,"Asia"
"667",1101,"Wenzhounese","Eastern Asia","Sino-Tibetan",40.757374,-73.831189,"Asia"
"668",1102,"Wenzhounese","Eastern Asia","Sino-Tibetan",40.633232,-74.011633,"Asia"
"669",1104,"Western Armenian","Western Asia","Indo-European",40.748382,-73.996172,"Asia"
"670",1105,"Western Armenian","Western Asia","Indo-European",40.770532,-73.751444,"Asia"
"671",1106,"Western Armenian","Western Asia","Indo-European",40.927626,-74.025342,"Asia"
"672",1107,"Western Armenian","Western Asia","Indo-European",40.744001,-73.924129,"Asia"
"673",1108,"Western Armenian","Western Asia","Indo-European",40.852689,-73.93044,"Asia"
"674",1113,"Yakan","Southeastern Asia","Austronesian",40.74677,-73.91066,"Asia"
"675",1114,"Yakut","Eastern Europe","Turkic",40.577815,-73.935561,"Europe"
"676",1116,"Yemeni Arabic","Western Asia","Afro-Asiatic",40.63461,-74.020714,"Asia"
"677",1117,"Yemeni Arabic","Western Asia","Afro-Asiatic",40.689894,-73.993658,"Asia"
"678",1118,"Yemeni Arabic","Western Asia","Afro-Asiatic",40.847458,-73.866239,"Asia"
"679",1119,"Yemenite Judeo-Arabic","Western Asia","Afro-Asiatic",40.638603,-73.991988,"Asia"
"680",1120,"Yiddish","Eastern Europe","Indo-European",40.724614,-73.820748,"Europe"
"681",1121,"Yiddish","Eastern Europe","Indo-European",40.713986,-73.989543,"Europe"
"682",1122,"Yiddish","Eastern Europe","Indo-European",40.877972,-73.879699,"Europe"
"683",1123,"Yiddish","Eastern Europe","Indo-European",40.66899494,-73.91547325,"Europe"
"684",1124,"Hyolmo","Southern Asia","Sino-Tibetan",40.744864,-73.896722,"Asia"
"685",1129,"Yunnanese","Eastern Asia","Sino-Tibetan",40.75877591,-73.83161529,"Asia"
"686",1135,"Zaza","Western Asia","Indo-European",40.764276,-73.974029,"Asia"
"687",1136,"Zoroastrian Dari","Southern Asia","Indo-European",41.167454,-74.052393,"Asia"
"688",1139,"Tosk Albanian","Southern Europe","Indo-European",40.8698256,-74.110074,"Europe"
"689",1140,"Tosk Albanian","Southern Europe","Indo-European",40.8545926,-73.88126266,"Europe"
"690",1141,"Breton","Western Europe","Indo-European",40.763304,-73.986284,"Europe"
"691",1142,"Ningbo","Eastern Asia","Sino-Tibetan",40.70459875,-73.94463072,"Asia"
"692",1143,"Norwegian","Northern Europe","Indo-European",40.54837016,-74.14739902,"Europe"
"693",1144,"Sherpa","Southern Asia","Sino-Tibetan",41.61972086,-74.18482401,"Asia"
"694",1145,"Franconian","Western Europe","Indo-European",40.85033483,-73.93735183,"Europe"
"695",1146,"Rashti","Southern Asia","Indo-European",40.77146843,-73.96299545,"Asia"
"696",1147,"Dutch","Western Europe","Indo-European",41.93300212,-74.01903116,"Europe"
"697",1148,"Lemko","Eastern Europe","Indo-European",41.67496382,-73.00488804,"Europe"
"698",1150,"Slovenian","Eastern Europe","Indo-European",41.20066114,-73.2536926,"Europe"
"699",1152,"Finnish","Northern Europe","Uralic",40.80777745,-73.94248724,"Europe"
"700",1153,"Sylheti","Southern Asia","Indo-European",40.72636833,-73.98631918,"Asia"
"701",1154,"Chechen","Eastern Europe","Nakh-Daghestanian",40.87584048,-74.13939945,"Europe"
"702",1155,"Arbëresh","Southern Europe","Indo-European",40.81497009,-73.9134377,"Europe"
"703",1156,"Sri Lankan Malay","Southern Asia","Austronesian",40.63389855,-74.08565592,"Asia"
"704",1157,"Kandhari","Southern Asia","Indo-European",40.76996803,-73.52473145,"Asia"
"705",1158,"Pashto","Southern Asia","Indo-European",40.7584633,-73.51158481,"Asia"
"706",1159,"Kabli","Southern Asia","Indo-European",40.76986578,-73.52165673,"Asia"
"707",1161,"Slovak","Eastern Europe","Indo-European",40.77313271,-73.91610347,"Europe"
"708",1163,"Kadazan Dusun","Southeastern Asia","Austronesian",40.80278362,-73.9642339,"Asia"
"709",1164,"Tanchangya","Southern Asia","Indo-European",40.75577113,-73.89203393,"Asia"
"710",1166,"Cypriot Turkish","Southern Europe","Turkic",40.8466281,-73.86115844,"Europe"
"711",1168,"Tagalog","Southeastern Asia","Austronesian",40.69961289,-73.98058551,"Asia"
"712",1169,"Memoni","Southern Asia","Indo-European",40.73930222,-73.69977384,"Asia"
"713",1170,"Kodava","Southern Asia","Dravidian",40.516197,-74.356567,"Asia"
"714",1171,"Sangtam","Southern Asia","Sino-Tibetan",40.5017604,-74.39808902,"Asia"
"715",1172,"Ao","Southern Asia","Sino-Tibetan",40.51767823,-74.40786063,"Asia"
"716",1173,"Konyak","Southern Asia","Sino-Tibetan",40.6965817,-73.98331121,"Asia"
"717",1174,"Sema","Southern Asia","Sino-Tibetan",40.63372132,-73.9649681,"Asia"
"718",1175,"Pochury","Southern Asia","Sino-Tibetan",40.59299394,-74.62656605,"Asia"
"719",1176,"Changki","Southern Asia","Sino-Tibetan",40.7277572,-73.98210737,"Asia"
"720",1177,"Tangkhul","Southern Asia","Sino-Tibetan",40.76101637,-74.21047832,"Asia"
"721",1178,"Nagamese","Southern Asia","Indo-European",40.50179303,-74.39550337,"Asia"
"722",1179,"Pugliese (Palese)","Southern Europe","Indo-European",40.66013248,-73.83096162,"Europe"
"723",1180,"Sorani Kurdish","Western Asia","Indo-European",40.75417743,-73.97069261,"Asia"
"724",1181,"Pugliese (Grumese)","Southern Europe","Indo-European",40.83196435,-73.82579469,"Europe"
"725",1182,"North Frisian","Western Europe","Indo-European",40.6857747,-73.69790506,"Europe"
"726",1185,"Hungarian","Eastern Europe","Uralic",40.8701177,-74.11442638,"Europe"
"727",1186,"Hamgyŏng Korean (Joseonjok)","Eastern Asia","Koreanic",40.76493951,-73.82159424,"Asia"
"728",1190,"Falam Chin","Southeastern Asia","Sino-Tibetan",40.59047196,-73.97438292,"Asia"
"729",1191,"Romagnol","Southern Europe","Indo-European",40.76701301,-73.91247562,"Europe"
