"","Language","World.Region","Language.Family","Latitude","Longitude"
"1","Abaza","Western Asia","Abkhaz-Adyge",40.938823,-74.20013
"2","Abruzzese","Southern Europe","Indo-European",40.773556,-73.927065
"3","Abruzzese","Southern Europe","Indo-European",40.71870175,-73.99578719
"4","Acehnese","Southeastern Asia","Austronesian",40.759046,-73.90984
"5","Acehnese","Southeastern Asia","Austronesian",40.74409,-73.883277
"6","Adjoukrou","Western Africa","Atlantic-Congo",40.823438,-73.924661
"7","Adyghe","Western Asia","Abkhaz-Adyge",40.938436,-74.201318
"8","Afenmai","Western Africa","Atlantic-Congo",40.828522,-73.857731
"9","African-American English","Northern America","Indo-European",40.687229,-73.932571
"10","African-American English","Northern America","Indo-European",40.809904,-73.950127
"11","African-American English","Northern America","Indo-European",40.623352,-74.081959
"12","African-American English","Northern America","Indo-European",40.884322,-73.832166
"13","African-American English","Northern America","Indo-European",40.70967407,-73.62760223
"14","African-American English","Northern America","Indo-European",40.711927,-73.760906
"15","African-American English","Northern America","Indo-European",40.73732671,-74.17030119
"16","Afrikaans","Southern Africa","Indo-European",40.74689,-73.972213
"17","Akan","Western Africa","Atlantic-Congo",40.642143,-73.955321
"18","Akan","Western Africa","Atlantic-Congo",40.616309,-74.071775
"19","Akan","Western Africa","Atlantic-Congo",40.714861,-74.00554
"20","Akan","Western Africa","Atlantic-Congo",40.860277,-73.906426
"21","Aklanon","Southeastern Asia","Austronesian",40.747282,-73.900335
"22","Algerian Arabic","Northern Africa","Afro-Asiatic",40.767732,-73.911146
"23","Alsatian","Western Europe","Indo-European",40.758302,-73.953521
"24","Amdo Tibetan","Eastern Asia","Sino-Tibetan",40.70228112,-73.98375193
"25","Amdo Tibetan","Eastern Asia","Sino-Tibetan",40.747428,-73.891413
"26","Amharic","Eastern Africa","Afro-Asiatic",40.762268,-74.224662
"27","Amharic","Eastern Africa","Afro-Asiatic",40.826295,-73.943423
"28","Amharic","Eastern Africa","Afro-Asiatic",40.876516,-73.874584
"29","Amuzgo","Central America","Otomanguean",40.743213,-73.855029
"30","Anaang","Western Africa","Atlantic-Congo",40.880319,-73.8815
"31","Ancient Greek","Southern Europe","Indo-European",40.72359,-74.006388
"32","Antigua and Barbuda Creole","Caribbean","Indo-European",40.80838503,-73.94520618
"33","Appolo","Western Africa","Atlantic-Congo",40.822938,-73.924661
"34","Arbëresh","Southern Europe","Indo-European",40.553878,-74.137489
"35","Arbëresh","Southern Europe","Indo-European",40.72292322,-73.99188292
"36","Aromanian","Southern Europe","Indo-European",40.70370922,-73.903396
"37","Aromanian","Southern Europe","Indo-European",41.23495,-73.21967
"38","Ashanti","Western Africa","Atlantic-Congo",40.615092,-74.087244
"39","Ashanti","Western Africa","Atlantic-Congo",40.642052,-73.963009
"40","Ashanti","Western Africa","Atlantic-Congo",40.855341,-73.913553
"41","Assyrian Neo-Aramaic","Western Asia","Afro-Asiatic",40.923615,-73.899727
"42","Asturian","Southern Europe","Indo-European",40.758723,-73.917829
"43","Australian English","Australia and New Zealand","Indo-European",40.722269,-73.996242
"44","Austrian German","Western Europe","Indo-European",40.783122,-73.844181
"45","Austrian German","Western Europe","Indo-European",40.759479,-73.975329
"46","Avar","Western Asia","Nakh-Daghestanian",40.581275,-73.961918
"47","Avestan","Southern Asia","Indo-European",41.168459,-74.052398
"48","Aymara","South America","Aymaran",40.75025,-73.875734
"49","Azeri","Western Asia","Turkic",40.592053,-73.956569
"50","Azeri","Western Asia","Turkic",40.63848221,-73.97729244
"51","Azeri","Western Asia","Turkic",40.772544,-74.162679
"52","Bahamian Creole","Caribbean","Indo-European",40.81732791,-73.94340618
"53","Bahing","Southern Asia","Sino-Tibetan",40.746508,-73.889608
"54","Baïnounk","Western Africa","Atlantic-Congo",40.838711,-73.917092
"55","Balanta-Ganja","Western Africa","Atlantic-Congo",40.828136,-73.919207
"56","Balinese","Southeastern Asia","Austronesian",40.741302,-73.876066
"57","Balkan Romani","Southern Europe","Indo-European",40.856912,-73.884968
"58","Balochi","Southern Asia","Indo-European",40.64357398,-73.97020728
"59","Bambara","Western Africa","Mande",40.801382,-73.948713
"60","Bambara","Western Africa","Mande",40.875404,-73.887266
"61","Bambara","Western Africa","Mande",40.693797,-73.759268
"62","Banguingui","Southeastern Asia","Austronesian",40.745902,-73.901535
"63","Banjarese","Southeastern Asia","Austronesian",40.738497,-73.88737
"64","Bantawa","Southern Asia","Sino-Tibetan",40.746544,-73.890042
"65","Baoulé","Western Africa","Atlantic-Congo",40.803352,-73.950331
"66","Baoulé","Western Africa","Atlantic-Congo",40.666466,-73.891249
"67","Baoulé","Western Africa","Atlantic-Congo",40.701621,-73.788781
"68","Baragaun","Southern Asia","Sino-Tibetan",40.634346,-73.965467
"69","Baragaun","Southern Asia","Sino-Tibetan",40.735417,-74.063714
"70","Baragaun","Southern Asia","Sino-Tibetan",40.6959,-73.829633
"71","Barbadian Creole","Caribbean","Indo-European",40.69583509,-73.74333977
"72","Barbadian Creole","Caribbean","Indo-European",40.65634883,-73.93077314
"73","Bartangi","Central Asia","Indo-European",40.776191,-73.951543
"74","Basaa","Middle Africa","Atlantic-Congo",40.848313,-73.897254
"75","Basque","Southern Europe","Basque",40.7106091,-73.99587896
"76","Basque","Southern Europe","Basque",40.729622,-73.952216
"77","Basque","Southern Europe","Basque",40.728429,-74.164932
"78","Bassa","Western Africa","Atlantic-Congo",40.612036,-74.085096
"79","Batak","Southeastern Asia","Austronesian",40.73887636,-73.98386337
"80","Batak (Karo)","Southeastern Asia","Austronesian",40.75376818,-73.88596564
"81","Batak (Toba)","Southeastern Asia","Austronesian",40.75415829,-73.88553649
"82","Bavarian","Western Europe","Indo-European",40.701184,-73.88621
"83","Bavarian","Western Europe","Indo-European",40.77839331,-73.95347934
"84","Belarusian","Eastern Europe","Indo-European",40.687024,-73.984569
"85","Belarusian","Eastern Europe","Indo-European",40.712987,-73.797407
"86","Belarusian","Eastern Europe","Indo-European",40.586454,-73.952123
"87","Belarusian","Eastern Europe","Indo-European",40.440222,-74.365218
"88","Belizean Creole","Central America","Indo-European",40.672623,-73.931764
"89","Bemba","Southern Africa","Atlantic-Congo",40.756596,-73.968424
"90","Bengali","Southern Asia","Indo-European",40.790639,-73.951315
"91","Bengali","Southern Asia","Indo-European",40.729347,-73.983667
"92","Bengali","Southern Asia","Indo-European",40.747287,-73.891825
"93","Bengali","Southern Asia","Indo-European",40.710304,-73.793582
"94","Bengali","Southern Asia","Indo-European",40.642871,-73.97484
"95","Bengali","Southern Asia","Indo-European",40.837645,-73.861228
"96","Bengali","Southern Asia","Indo-European",40.92034873,-74.1866364
"97","Betawi Malay","Southeastern Asia","Austronesian",40.739496,-73.879883
"98","Bété","Western Africa","Atlantic-Congo",40.666379,-73.89894
"99","Bhojpuri","Southern Asia","Indo-European",40.750841,-73.891415
"100","Bhojpuri","Southern Asia","Indo-European",39.99928246,-74.19640199
"101","Biblical Hebrew","Western Asia","Afro-Asiatic",40.605168,-73.966359
"102","Biblical Hebrew","Western Asia","Afro-Asiatic",40.09663762,-74.22234516
"103","Biblical Hebrew","Western Asia","Afro-Asiatic",40.850656,-73.929868
"104","Bicolano","Southeastern Asia","Austronesian",40.690666,-74.015281
"105","Bicolano","Southeastern Asia","Austronesian",40.74335,-73.910485
"106","Bishnupriya Manipuri","Southern Asia","Indo-European",40.710322,-73.791475
"107","Bislama","Melanesia","Indo-European",40.752893,-73.973397
"108","Bolivian Quechua","South America","Quechuan",40.743448,-73.89697
"109","Bomu","Western Africa","Atlantic-Congo",40.841063,-73.861468
"110","Bosnian","Southern Europe","Indo-European",40.772142,-73.927305
"111","Bosnian","Southern Europe","Indo-European",40.860401,-74.852318
"112","Bosnian","Southern Europe","Indo-European",40.694783,-73.832949
"113","Brazilian Portuguese","South America","Indo-European",40.756056,-73.928328
"114","Brazilian Portuguese","South America","Indo-European",40.756021,-73.978982
"115","Brazilian Portuguese","South America","Indo-European",40.916659,-73.84168
"116","Brazilian Portuguese","South America","Indo-European",40.72917307,-74.15920957
"117","Breton","Western Europe","Indo-European",40.755764,-73.928146
"118","Breton","Western Europe","Indo-European",40.763304,-73.986284
"119","Bribri","Central America","Chibchan",40.91661,-74.17164
"120","British English","Northern Europe","Indo-European",40.774731,-73.961174
"121","Buginese","Southeastern Asia","Austronesian",40.758293,-73.911382
"122","Buginese","Southeastern Asia","Austronesian",40.743338,-73.884818
"123","Bukhori","Central Asia","Indo-European",40.721356,-73.846565
"124","Bukhori","Central Asia","Indo-European",40.635082,-73.968348
"125","Bukhori","Central Asia","Indo-European",40.757707,-73.980755
"126","Bulgarian","Eastern Europe","Indo-European",40.765513,-73.994027
"127","Bulgarian","Eastern Europe","Indo-European",40.860271,-73.911578
"128","Bulgarian Turkish","Southern Europe","Turkic",40.612505,-73.979183
"129","Buli","Western Africa","Austronesian",40.85847,-73.910249
"130","Bumthang","Southern Asia","Sino-Tibetan",40.741797,-73.918215
"131","Burmese","Southeastern Asia","Sino-Tibetan",40.743865,-73.891614
"132","Burmese","Southeastern Asia","Sino-Tibetan",40.30188264,-74.34145663
"133","Burmese","Southeastern Asia","Sino-Tibetan",40.757774,-73.981108
"134","Burmese","Southeastern Asia","Sino-Tibetan",40.680147,-73.969152
"135","Burushaski","Southern Asia","Burushaski",40.72364,-73.70576
"136","Buryat","Eastern Europe","Mongolic",40.577059,-73.964834
"137","Bzedukh","Western Asia","Abkhaz-Adyge",40.937197,-74.201826
"138","Cameroonian Pidgin English","Middle Africa","Indo-European",40.844458,-73.894141
"139","Camfranglais","Middle Africa","Indo-European",40.843174,-73.890026
"140","Canadian English","Northern America","Indo-European",40.753902,-73.974589
"141","Cantonese","Eastern Asia","Sino-Tibetan",40.615076,-73.989458
"142","Cantonese","Eastern Asia","Sino-Tibetan",40.715718,-73.999924
"143","Cantonese","Eastern Asia","Sino-Tibetan",40.761066,-73.830145
"144","Cantonese","Eastern Asia","Sino-Tibetan",40.96301562,-74.117481
"145","Cantonese","Eastern Asia","Sino-Tibetan",40.59260888,-74.15852177
"146","Cantonese","Eastern Asia","Sino-Tibetan",40.638684,-74.006304
"147","Cape Verdean Creole","Western Africa","Indo-European",40.72761203,-74.1551648
"148","Caribbean Hindustani","Caribbean","Indo-European",40.687302,-73.821602
"149","Castilian Spanish","Southern Europe","Indo-European",40.833398,-73.946913
"150","Castilian Spanish","Southern Europe","Indo-European",40.739387,-74.001223
"151","Catalan","Southern Europe","Indo-European",40.750405,-73.976981
"152","Cebuano","Southeastern Asia","Austronesian",40.729515,-73.981922
"153","Cebuano","Southeastern Asia","Austronesian",40.751374,-73.898383
"154","Central American Spanish","Central America","Indo-European",40.78386555,-73.22513561
"155","Central American Spanish","Central America","Indo-European",41.39475,-73.61582
"156","Central Malay","Southeastern Asia","Austronesian",40.727711,-73.978099
"157","Chadian Arabic","Middle Africa","Afro-Asiatic",40.74792,-73.979066
"158","Chak","Southern Asia","Sino-Tibetan",40.754576,-73.89183
"159","Chakhar Mongolian","Eastern Asia","Mongolic",40.64087798,-74.0046173
"160","Chakma","Southern Asia","Indo-European",40.754722,-73.893068
"161","Chaldean Neo-Aramaic","Western Asia","Afro-Asiatic",40.627011,-74.02639
"162","Chamling","Southern Asia","Sino-Tibetan",40.749733,-73.891304
"163","Chamorro","Micronesia","Austronesian",40.75493,-73.968599
"164","Changzhounese","Eastern Asia","Sino-Tibetan",40.75435,-73.821043
"165","Chantyal","Southern Asia","Sino-Tibetan",40.746817,-73.892825
"166","Chaouia","Northern Africa","Afro-Asiatic",40.768287,-73.911403
"167","Chavacano","Southeastern Asia","Indo-European",40.746403,-73.906185
"168","Chechen","Eastern Europe","Nakh-Daghestanian",40.579084,-73.965674
"169","Cherepon","Western Africa","Atlantic-Congo",40.848354,-73.908347
"170","Cherokee","Northern America","Iroquoian",40.715686,-73.993343
"171","Chewa","Eastern Africa","Atlantic-Congo",40.751939,-73.965212
"172","Chiga","Eastern Africa","Atlantic-Congo",40.764592,-73.947069
"173","Chinantec","Central America","Otomanguean",40.645223,-73.995647
"174","Chinantec","Central America","Otomanguean",40.635828,-74.135365
"175","Chiricahua Apache","Northern America","Athabaskan-Eyak-Tlingit",40.673527,-73.951043
"176","Chittagonian","Southern Asia","Indo-European",40.644528,-73.980279
"177","Chocha-ngacha","Southern Asia","Sino-Tibetan",40.741548,-73.917924
"178","Chuj","Central America","Mayan",40.86804736,-73.89293011
"179","Church Slavonic","Eastern Europe","Indo-European",40.673164,-73.895723
"180","Church Slavonic","Eastern Europe","Indo-European",40.784829,-73.954211
"181","Chuukese","Micronesia","Austronesian",40.749411,-73.972273
"182","Chuvash","Eastern Europe","Turkic",40.578158,-73.95853
"183","Cilentano","Southern Europe","Indo-European",40.59926696,-73.97477267
"184","Cilentano","Southern Europe","Indo-European",40.789486,-73.81661
"185","Cilentano","Southern Europe","Indo-European",40.717252,-73.94453
"186","Classical Arabic","Western Asia","Afro-Asiatic",40.785419,-73.948707
"187","Classical Arabic","Western Asia","Afro-Asiatic",40.813904,-73.881714
"188","Classical Arabic","Western Asia","Afro-Asiatic",40.712551,-73.795818
"189","Classical Arabic","Western Asia","Afro-Asiatic",40.662943,-73.995138
"190","Classical Armenian","Western Asia","Indo-European",40.772334,-73.747622
"191","Classical Armenian","Western Asia","Indo-European",40.745201,-73.975347
"192","Classical Latin","Southern Europe","Indo-European",40.723281,-74.006397
"193","Classical Tibetan","Eastern Asia","Sino-Tibetan",40.701982,-73.982961
"194","Classical Tibetan","Eastern Asia","Sino-Tibetan",40.744733,-73.889909
"195","Tibetan","Eastern Asia","Sino-Tibetan",40.73713,-73.994551
"196","Comorian","Eastern Africa","Atlantic-Congo",40.752598,-73.966282
"197","Coptic","Northern Africa","Afro-Asiatic",40.62751,-74.006763
"198","Coptic","Northern Africa","Afro-Asiatic",40.728115,-74.067398
"199","Coptic","Northern Africa","Afro-Asiatic",40.70604764,-73.90770901
"200","Cretan Greek","Southern Europe","Indo-European",40.774691,-73.910252
"201","Crimean Tatar","Eastern Europe","Turkic",40.639556,-73.994206
"202","Croatian","Southern Europe","Indo-European",40.75475,-73.916819
"203","Croatian","Southern Europe","Indo-European",40.91254111,-74.41046027
"204","Croatian","Southern Europe","Indo-European",40.759062,-73.996447
"205","Cuban Spanish","Caribbean","Indo-European",40.74885,-73.869066
"206","Cuban Spanish","Caribbean","Indo-European",40.706998,-74.006562
"207","Cuban Spanish","Caribbean","Indo-European",40.775701,-74.020875
"208","Cuicatec","Central America","Otomanguean",40.874718,-74.12316
"209","Cypriot Greek","Southern Europe","Indo-European",40.770451,-73.920428
"210","Czech","Eastern Europe","Indo-European",40.772692,-73.915752
"211","Czech","Eastern Europe","Indo-European",40.768978,-73.956433
"212","Dagaare","Western Africa","Atlantic-Congo",40.843173,-73.90931
"213","Dagbani","Western Africa","Atlantic-Congo",40.848997,-73.920888
"214","Dangme","Western Africa","Atlantic-Congo",40.83505279,-73.89965116
"215","Danish","Western Europe","Indo-European",40.70736718,-74.01190379
"216","Danish","Western Europe","Indo-European",40.633425,-74.013525
"217","Danube Swabian","Western Europe","Indo-European",40.707523,-73.907436
"218","Darfurian Arabic","Northern Africa","Afro-Asiatic",40.652364,-73.954434
"219","Dari","Southern Asia","Indo-European",40.75536495,-73.50985206
"220","Dari","Southern Asia","Indo-European",40.730073,-73.815297
"221","Dari","Southern Asia","Indo-European",40.757282,-73.979858
"222","Dawei Burmese","Southeastern Asia","Sino-Tibetan",40.7419715,-73.8909139
"223","Dawei Burmese","Southeastern Asia","Sino-Tibetan",40.679355,-73.969275
"224","Dhivehi","Southern Asia","Indo-European",40.750252,-73.972202
"225","Dinka","Eastern Africa","Nilotic",40.751131,-73.969627
"226","Dolpo","Southern Asia","Sino-Tibetan",40.741102,-73.890525
"227","Dominican Creole (English)","Caribbean","Indo-European",40.64295876,-73.95757817
"228","Dominican Creole (French)","Caribbean","Indo-European",40.64059563,-73.95558497
"229","Dominican Spanish","Caribbean","Indo-European",40.74873719,-73.86726149
"230","Dominican Spanish","Caribbean","Indo-European",40.681861,-73.880132
"231","Dominican Spanish","Caribbean","Indo-European",40.50945239,-74.2679475
"232","Dominican Spanish","Caribbean","Indo-European",40.77389,-74.02469
"233","Dominican Spanish","Caribbean","Indo-European",40.860703,-73.913655
"234","Dominican Spanish","Caribbean","Indo-European",40.840803,-73.940986
"235","Dominican Spanish","Caribbean","Indo-European",40.92783199,-73.90021763
"236","Dungan","Central Asia","Sino-Tibetan",40.587482,-73.955331
"237","Dutch","Western Europe","Indo-European",40.703558,-74.012354
"238","Dutch","Western Europe","Indo-European",40.672746,-73.976674
"239","Dutch","Western Europe","Indo-European",40.690777,-73.813256
"240","Dyula","Western Africa","Mande",40.804497,-73.957057
"241","Dyula","Western Africa","Mande",40.831541,-73.918745
"242","Dyula","Western Africa","Mande",40.664659,-73.895062
"243","Dzongkha","Southern Asia","Sino-Tibetan",40.867499,-73.897842
"244","Dzongkha","Southern Asia","Sino-Tibetan",40.741313,-73.917389
"245","Eastern Armenian","Western Asia","Indo-European",40.588154,-73.950649
"246","Ebrié","Western Africa","Atlantic-Congo",40.806786,-73.946473
"247","Ecclesiastical Latin","Southern Europe","Indo-European",40.676489,-73.985111
"248","Ecclesiastical Latin","Southern Europe","Indo-European",40.752347,-73.988185
"249","Ecuadorian Kichwa","South America","Quechuan",40.825814,-73.926073
"250","Ecuadorian Kichwa","South America","Quechuan",40.701227,-73.90479
"251","Ecuadorian Kichwa","South America","Quechuan",41.11353,-74.046209
"252","Ecuadorian Spanish","South America","Indo-European",40.695664,-73.918542
"253","Ecuadorian Spanish","South America","Indo-European",40.749224,-73.869333
"254","Ecuadorian Spanish","South America","Indo-European",40.72699841,-74.15708178
"255","Ecuadorian Spanish","South America","Indo-European",41.15768044,-73.86392388
"256","Ecuadorian Spanish","South America","Indo-European",40.839684,-73.856983
"257","Edo","Western Africa","Atlantic-Congo",40.684254,-73.913118
"258","Edo","Western Africa","Atlantic-Congo",40.694883,-73.805789
"259","Edo","Western Africa","Atlantic-Congo",40.826717,-73.861554
"260","Efik","Western Africa","Atlantic-Congo",40.880102,-73.886397
"261","Egyptian Arabic","Northern Africa","Afro-Asiatic",40.767927,-73.912316
"262","Egyptian Arabic","Northern Africa","Afro-Asiatic",40.631088,-74.022489
"263","Egyptian Arabic","Northern Africa","Afro-Asiatic",40.54963319,-74.15102965
"264","Egyptian Arabic","Northern Africa","Afro-Asiatic",40.72933175,-74.06647851
"265","Egyptian Arabic","Northern Africa","Afro-Asiatic",40.71230998,-73.9036982
"266","Egyptian Judeo-Arabic","Northern Africa","Afro-Asiatic",40.606092,-73.967553
"267","Emiliano","Southern Europe","Indo-European",40.711175,-73.995525
"268","Emiliano","Southern Europe","Indo-European",40.58912355,-73.98725892
"269","Esan","Western Africa","Atlantic-Congo",40.671278,-73.865821
"270","Estonian","Northern Europe","Uralic",40.761825,-73.922133
"271","Estonian","Northern Europe","Uralic",40.745099,-73.976222
"272","Ewe","Western Africa","Atlantic-Congo",40.859266,-73.895727
"273","Ewe","Western Africa","Atlantic-Congo",40.694332,-73.794409
"274","Ewondo","Middle Africa","Atlantic-Congo",40.8472,-73.899309
"275","Falam Chin","Southeastern Asia","Sino-Tibetan",40.705194,-73.870511
"276","Fang","Middle Africa","Atlantic-Congo",40.752289,-73.980424
"277","Fante","Western Africa","Atlantic-Congo",40.859179,-73.90344
"278","Fe'fe'","Middle Africa","Atlantic-Congo",40.843193,-73.886219
"279","Fijian","Melanesia","Austronesian",40.7508,-73.971732
"280","Finnish","Northern Europe","Uralic",40.64464026,-73.99910117
"281","Finnish","Northern Europe","Uralic",40.73357,-74.003746
"282","Flemish","Western Europe","Indo-European",40.702045,-74.012598
"283","Fon","Western Africa","Atlantic-Congo",40.692529,-73.798226
"284","Frafra","Western Africa","Atlantic-Congo",40.846547,-73.912169
"285","French","Western Europe","Indo-European",40.80753,-73.954228
"286","French","Western Europe","Indo-European",40.74354029,-73.99371622
"287","French","Western Europe","Indo-European",40.68478398,-73.99210325
"288","French","Western Europe","Indo-European",40.826133,-73.923046
"289","French","Western Europe","Indo-European",40.644444,-73.940902
"290","French","Western Europe","Indo-European",40.92718839,-73.75057897
"291","French","Western Europe","Indo-European",40.717258,-73.737712
"292","French Guianese Creole","South America","Indo-European",40.63605496,-73.95079755
"293","Frisian","Western Europe","Indo-European",40.704057,-74.013179
"294","Friulian","Southern Europe","Indo-European",40.781529,-73.841491
"295","Friulian","Southern Europe","Indo-European",40.745099,-73.976722
"296","Fujianese","Eastern Asia","Sino-Tibetan",40.609894,-73.990412
"297","Fujianese","Eastern Asia","Sino-Tibetan",40.759697,-73.82916
"298","Fujianese","Eastern Asia","Sino-Tibetan",40.714067,-73.989879
"299","Fujianese","Eastern Asia","Sino-Tibetan",40.636647,-74.006622
"300","Fulani","Western Africa","Atlantic-Congo",40.68109,-73.954865
"301","Fulani","Western Africa","Atlantic-Congo",40.802634,-73.95099
"302","Fulani","Western Africa","Atlantic-Congo",40.828096,-73.906936
"303","Fur","Northern Africa","Furan",40.652273,-73.962123
"304","Ga","Western Africa","Atlantic-Congo",40.83551548,-73.90120685
"305","Gagnoa Bété","Western Africa","Atlantic-Congo",40.809717,-73.944129
"306","Galician","Southern Europe","Indo-European",40.762018,-73.918281
"307","Galician","Southern Europe","Indo-European",40.730751,-74.166664
"308","Galician","Southern Europe","Indo-European",40.740253,-74.004361
"309","Gan","Eastern Asia","Sino-Tibetan",40.749909,-73.819525
"310","Garifuna","Caribbean","Arawakan",40.820251,-73.901183
"311","Garifuna","Caribbean","Arawakan",40.795494,-73.939016
"312","Garifuna","Caribbean","Arawakan",40.596588,-73.769674
"313","Garifuna","Caribbean","Arawakan",40.662047,-73.905075
"314","Garo","Southern Asia","Sino-Tibetan",40.680108,-73.84699
"315","Geʽez","Eastern Africa","Afro-Asiatic",40.806458,-73.950371
"316","Geʽez","Eastern Africa","Afro-Asiatic",40.870716,-73.879684
"317","Gen-Gbe","Western Africa","Atlantic-Congo",40.673436,-73.958734
"318","Georgian","Western Asia","Kartvelian",40.610953,-73.983515
"319","Georgian","Western Asia","Kartvelian",40.734064,-73.852919
"320","Georgian","Western Asia","Kartvelian",40.54184734,-74.58871898
"321","German","Western Europe","Indo-European",40.69679,-73.993207
"322","German","Western Europe","Indo-European",40.727092,-73.980529
"323","German","Western Europe","Indo-European",40.74357842,-74.028147
"324","German","Western Europe","Indo-European",40.706923,-73.905661
"325","German","Western Europe","Indo-European",40.777284,-73.948524
"326","Ghale","Southern Asia","Sino-Tibetan",40.748822,-73.895484
"327","Ghanaian English","Western Africa","Indo-European",40.833785,-73.909671
"328","Ghomala","Middle Africa","Atlantic-Congo",40.851814,-73.897177
"329","Gikuyu","Eastern Africa","Atlantic-Congo",40.753113,-73.966478
"330","Gikuyu","Eastern Africa","Atlantic-Congo",40.717575,-74.090277
"331","Gilbertese","Micronesia","Austronesian",40.7503,-73.971738
"332","Gio","Western Africa","Mande",40.613027,-74.083723
"333","Gola","Western Africa","Atlantic-Congo",40.614486,-74.084409
"334","Gottscheerisch","Western Europe","Indo-European",40.706723,-73.905661
"335","Gourmanché","Western Africa","Atlantic-Congo",40.837195,-73.907877
"336","Greek","Southern Europe","Indo-European",40.775643,-73.912874
"337","Greek","Southern Europe","Indo-European",40.757729,-73.785225
"338","Greek","Southern Europe","Indo-European",40.627234,-74.030195
"339","Greek","Southern Europe","Indo-European",40.749612,-73.995466
"340","Greek","Southern Europe","Indo-European",40.87593,-73.903766
"341","Grenadian Creole","Caribbean","Indo-European",40.64600553,-73.90315817
"342","Grenadian Creole","Caribbean","Indo-European",40.65886411,-73.9603784
"343","Guadeloupean Creole","Caribbean","Indo-European",40.64667176,-73.95792066
"344","Guarani","South America","Tupian",40.741025,-73.921434
"345","Guarani","South America","Tupian",41.03351096,-73.76281811
"346","Guiberoua Bété","Western Africa","Atlantic-Congo",40.811797,-73.947697
"347","Guinea-Bissau Creole","Western Africa","Indo-European",40.836977,-73.913306
"348","Gujarati","Southern Asia","Indo-European",40.740641,-73.79204
"349","Gujarati","Southern Asia","Indo-European",40.532153,-74.377658
"350","Gujarati","Southern Asia","Indo-European",40.73574046,-74.06411108
"351","Gujarati","Southern Asia","Indo-European",40.757412,-73.980267
"352","Gulf Arabic","Western Asia","Afro-Asiatic",40.754919,-73.979605
"353","Gullah","Northern America","Indo-European",40.68551,-73.928691
"354","Gullah","Northern America","Indo-European",40.813705,-73.940315
"355","Gun-Gbe","Western Africa","Atlantic-Congo",40.671718,-73.954854
"356","Gurage","Eastern Africa","Afro-Asiatic",40.873834,-73.877824
"357","Gurjar","Southern Asia","Indo-European",40.70855637,-73.90905568
"358","Guro","Western Africa","Mande",40.814448,-73.944848
"359","Gurung","Southern Asia","Sino-Tibetan",40.755862,-73.896074
"360","Gurung","Southern Asia","Sino-Tibetan",40.698455,-73.908886
"361","Guyanese Creole","South America","Indo-European",40.631832,-73.898208
"362","Guyanese Creole","South America","Indo-European",40.832685,-73.855476
"363","Guyanese Creole","South America","Indo-European",40.65185282,-73.93042249
"364","Guyanese Creole","South America","Indo-European",40.69099,-73.813715
"365","Gyalsumdo","Southern Asia","Sino-Tibetan",40.746772,-73.901763
"366","Hainanese (Southern Min)","Eastern Asia","Sino-Tibetan",40.690499,-73.990459
"367","Haitian Creole","Caribbean","Indo-European",40.639515,-73.89994
"368","Haitian Creole","Caribbean","Indo-European",40.64019404,-73.94839218
"369","Haitian Creole","Caribbean","Indo-European",40.717182,-73.745409
"370","Haitian Creole","Caribbean","Indo-European",41.11199703,-74.04992342
"371","Haitian Creole","Caribbean","Indo-European",40.792325,-73.970856
"372","Haketia","Northern Africa","Indo-European",40.757549,-73.963373
"373","Haketia","Northern Africa","Indo-European",40.604519,-73.970453
"374","Hakha Chin","Southeastern Asia","Sino-Tibetan",40.705229,-73.870328
"375","Hakka","Eastern Asia","Sino-Tibetan",40.714311,-73.994229
"376","Hakka","Eastern Asia","Sino-Tibetan",40.760818,-73.833342
"377","Hasidic Yiddish","Eastern Europe","Indo-European",40.634067,-73.990777
"378","Hasidic Yiddish","Eastern Europe","Indo-European",40.600409,-73.739648
"379","Hasidic Yiddish","Eastern Europe","Indo-European",41.34057,-74.16988
"380","Hasidic Yiddish","Eastern Europe","Indo-European",40.704775,-73.961838
"381","Hassaniya Arabic","Western Africa","Afro-Asiatic",40.687318,-73.924878
"382","Hassaniya Arabic","Western Africa","Afro-Asiatic",40.819785,-73.93757
"383","Hausa","Western Africa","Afro-Asiatic",40.804922,-73.952588
"384","Hausa","Western Africa","Afro-Asiatic",40.6176622,-74.08364455
"385","Hausa","Western Africa","Afro-Asiatic",40.693206,-73.970965
"386","Hausa","Western Africa","Afro-Asiatic",40.846129,-73.918426
"387","Hawaiian","Northern America","Austronesian",40.783604,-73.970558
"388","Hawaiian English","Northern America","Indo-European",40.783228,-73.969825
"389","Hazara","Southern Asia","Indo-European",40.728128,-73.814323
"390","Hebrew","Western Asia","Afro-Asiatic",40.670815,-73.935576
"391","Hebrew","Western Asia","Afro-Asiatic",40.72702851,-73.98383836
"392","Hebrew","Western Asia","Afro-Asiatic",40.93120132,-74.12770896
"393","Hebrew","Western Asia","Afro-Asiatic",40.73000439,-73.82251925
"394","Hebrew","Western Asia","Afro-Asiatic",40.620577,-73.955709
"395","Hebrew","Western Asia","Afro-Asiatic",40.792001,-73.977165
"396","Herero","Southern Africa","Atlantic-Congo",40.93299,-73.89874
"397","Hindi","Southern Asia","Indo-European",40.5567,-74.397294
"398","Hindi","Southern Asia","Indo-European",40.742535,-73.982537
"399","Hindi","Southern Asia","Indo-European",40.76570723,-73.51577039
"400","Hindi","Southern Asia","Indo-European",40.7364541,-74.06455945
"401","Hindi","Southern Asia","Indo-European",40.733038,-73.794351
"402","Hmong","Southeastern Asia","Hmong-Mien",40.862117,-73.904966
"403","Hokkien","Eastern Asia","Sino-Tibetan",40.734793,-73.878532
"404","Hopi","Northern America","Uto-Aztecan",40.775333,-73.983932
"405","Hunanese","Eastern Asia","Sino-Tibetan",40.75721,-73.826851
"406","Hungarian","Eastern Europe","Uralic",40.63017724,-73.99767955
"407","Hungarian","Eastern Europe","Uralic",40.49337106,-74.45617058
"408","Hungarian","Eastern Europe","Uralic",40.776662,-73.954658
"409","Ibaloy","Southeastern Asia","Austronesian",40.73135,-73.982556
"410","Ibaloy","Southeastern Asia","Austronesian",40.751835,-73.907025
"411","Ibanag","Southeastern Asia","Austronesian",40.742092,-73.905746
"412","Ibibio","Western Africa","Atlantic-Congo",40.877132,-73.883529
"413","Icelandic","Northern Europe","Indo-European",40.75559,-73.971203
"414","Igbo","Western Africa","Atlantic-Congo",40.615661,-74.084751
"415","Igbo","Western Africa","Atlantic-Congo",40.828895,-73.916704
"416","Igbo","Western Africa","Atlantic-Congo",40.669029,-73.868121
"417","Igbo","Western Africa","Atlantic-Congo",40.7225902,-74.20623835
"418","Igbo","Western Africa","Atlantic-Congo",40.692067,-73.761112
"419","Ilocano","Southeastern Asia","Austronesian",40.730191,-73.983819
"420","Ilocano","Southeastern Asia","Austronesian",40.74589,-73.900585
"421","Ilonggo","Southeastern Asia","Austronesian",40.728872,-73.978833
"422","Ilonggo","Southeastern Asia","Austronesian",40.745985,-73.898451
"423","Indian English","Southern Asia","Indo-European",40.73706,-73.720778
"424","Indonesian","Southeastern Asia","Austronesian",40.75843,-73.909458
"425","Indonesian","Southeastern Asia","Austronesian",40.743474,-73.882895
"426","Ingush","Eastern Europe","Nakh-Daghestanian",40.577869,-73.961472
"427","Intha Burmese","Southeastern Asia","Sino-Tibetan",40.74323957,-73.88998049
"428","Intha Burmese","Southeastern Asia","Sino-Tibetan",40.679752,-73.969739
"429","Inuktun","Northern America","Eskimo-Aleut",40.780626,-73.973548
"430","Iranun","Southeastern Asia","Austronesian",40.747449,-73.896578
"431","Iraqi Arabic","Western Asia","Afro-Asiatic",40.63311,-74.026957
"432","Iraqi Judeo-Arabic","Western Asia","Afro-Asiatic",40.776993,-73.731505
"433","Iraqi Judeo-Arabic","Western Asia","Afro-Asiatic",40.716811,-73.784893
"434","Irish","Northern Europe","Indo-European",40.766342,-73.993523
"435","Irish","Northern Europe","Indo-European",40.742137,-73.953057
"436","Irish","Northern Europe","Indo-European",40.673147,-74.012234
"437","Irish","Northern Europe","Indo-European",40.89771,-73.867514
"438","Irish English","Northern Europe","Indo-European",40.556108,-73.920208
"439","Irish English","Northern Europe","Indo-European",40.59258795,-73.92489596
"440","Irish English","Northern Europe","Indo-European",40.723318,-73.875565
"441","Irish English","Northern Europe","Indo-European",41.05899,-74.021768
"442","Irish English","Northern Europe","Indo-European",40.898665,-73.867382
"443","Irpino","Southern Europe","Indo-European",40.744329,-73.953411
"444","Isan","Southeastern Asia","Tai-Kadai",40.743661,-73.88755
"445","Ishkashimi","Central Asia","Indo-European",40.613266,-73.993265
"446","Istrioto","Southern Europe","Indo-European",40.771113,-73.919183
"447","Istro-Romanian","Southern Europe","Indo-European",40.77109141,-73.92031607
"448","Istro-Romanian","Southern Europe","Indo-European",40.661541,-73.982741
"449","Istro-Veneto","Southern Europe","Indo-European",40.77133313,-73.91966495
"450","Italian","Southern Europe","Indo-European",40.855983,-73.887308
"451","Italian","Southern Europe","Indo-European",40.605169,-74.004576
"452","Italian","Southern Europe","Indo-European",40.629962,-74.088163
"453","Italian","Southern Europe","Indo-European",40.668947,-73.821576
"454","Italian English","Northern America","Indo-European",40.622439,-74.012094
"455","Italian English","Northern America","Indo-European",40.54079,-74.147842
"456","Italian English","Northern America","Indo-European",40.721512,-73.879381
"457","Italian English","Northern America","Indo-European",40.851795,-73.851682
"458","Italian English","Northern America","Indo-European",40.953772,-73.82874
"459","Ixil","Central America","Mayan",40.743909,-73.861906
"460","Iyengar Tamil","Southern Asia","Dravidian",40.57317,-74.345436
"461","Jamaican Patois","Caribbean","Indo-European",40.65282686,-73.91993219
"462","Jamaican Patois","Caribbean","Indo-European",40.64969905,-73.95843648
"463","Jamaican Patois","Caribbean","Indo-European",40.91083412,-73.78110402
"464","Jamaican Patois","Caribbean","Indo-European",40.688658,-73.764916
"465","Jamaican Patois","Caribbean","Indo-European",40.895532,-73.850398
"466","Japanese","Eastern Asia","Japonic",40.766775,-73.922318
"467","Japanese","Eastern Asia","Japonic",40.727621,-73.985935
"468","Japanese","Eastern Asia","Japonic",40.704772,-73.939006
"469","Japanese","Eastern Asia","Japonic",40.85339,-73.97428
"470","Japanese","Eastern Asia","Japonic",40.77488,-73.986605
"471","Javanese","Eastern Asia","Austronesian",40.741941,-73.878566
"472","Jersey Dutch","Northern America","Indo-European",41.11494,-74.14975
"473","Jewish Babylonian Aramaic","Western Asia","Afro-Asiatic",40.606977,-73.962552
"474","Jewish Babylonian Aramaic","Western Asia","Afro-Asiatic",40.84989701,-73.92890313
"475","Jewish English","Northern America","Indo-European",40.635877,-73.986969
"476","Jewish English","Northern America","Indo-European",40.63764,-73.704223
"477","Jewish English","Northern America","Indo-European",40.726418,-73.81693
"478","Jewish English","Northern America","Indo-European",41.700287,-74.685292
"479","Jewish English","Northern America","Indo-European",40.893815,-73.912513
"480","Jewish Russian","Eastern Europe","Indo-European",40.57994192,-73.96725197
"481","Jola","Western Africa","Atlantic-Congo",40.828175,-73.912021
"482","Juba Arabic","Northern Africa","Afro-Asiatic",40.817595,-73.94134
"483","Judeo-Crimean Tatar","Eastern Europe","Turkic",40.668693,-73.917323
"484","Judeo-Georgian","Western Asia","Kartvelian",40.73395442,-73.85275399
"485","Judeo-Greek","Southern Europe","Indo-European",40.71862,-73.991673
"486","Judeo-Hamadani","Southern Asia","Indo-European",40.734281,-73.84953
"487","Judeo-Isfahani","Southern Asia","Indo-European",40.733281,-73.84953
"488","Judeo-Isfahani","Southern Asia","Indo-European",40.80856026,-73.75067689
"489","Judeo-Kashani","Southern Asia","Indo-European",40.80015,-73.64994
"490","Judeo-Shirazi","Southern Asia","Indo-European",40.80798,-73.73583
"491","Judeo-Shirazi","Southern Asia","Indo-European",40.618963,-73.957177
"492","Judeo-Spanish","Western Asia","Indo-European",40.836816,-73.917396
"493","Judeo-Spanish","Western Asia","Indo-European",40.72725,-73.846444
"494","Judeo-Spanish","Western Asia","Indo-European",40.5958,-73.997232
"495","Judeo-Spanish","Western Asia","Indo-European",40.717873,-73.991319
"496","Juhuri","Western Asia","Indo-European",40.640639,-73.973064
"497","K'iche'","Central America","Mayan",40.605338,-74.003684
"498","K'iche'","Central America","Mayan",40.813843,-73.997917
"499","K'iche'","Central America","Mayan",40.706325,-73.801332
"500","Kabardian","Western Asia","Abkhaz-Adyge",40.937683,-74.201756
"501","Kabiye","Western Africa","Atlantic-Congo",40.831852,-73.902598
"502","Kabyle","Northern Africa","Afro-Asiatic",40.7671866,-73.91215479
"503","Kachin","Southeastern Asia","Sino-Tibetan",40.704969,-73.870381
"504","Kaike","Southern Asia","Sino-Tibetan",40.751523,-73.90219
"505","Kalabari","Western Africa","Ijoid",40.705611,-73.810597
"506","Kalasha","Southern Asia","Indo-European",40.620702,-73.961784
"507","Kalderash Romani","Eastern Europe","Indo-European",40.734878,-74.004083
"508","Kalmyk","Eastern Europe","Mongolic",40.609657,-73.985816
"509","Kalmyk","Eastern Europe","Mongolic",40.166019,-74.244766
"510","Kannada","Southern Asia","Dravidian",40.779713,-73.468774
"511","Kannada","Southern Asia","Dravidian",40.72212,-73.745294
"512","Kaqchikel","Central America","Mayan",40.796685,-73.929875
"513","Kaqchikel","Central America","Mayan",40.814212,-73.99792
"514","Kaqchikel","Central America","Mayan",40.92289372,-72.65222091
"515","Kaqchikel","Central America","Mayan",40.644348,-74.012912
"516","Karachay-Balkar","Western Asia","Turkic",40.576153,-73.968009
"517","Karachay-Balkar","Western Asia","Turkic",40.890043,-74.153609
"518","Karakalpak","Central Asia","Turkic",40.594925,-73.980978
"519","Karen","Southeastern Asia","Sino-Tibetan",40.740149,-73.87799
"520","Karen","Southeastern Asia","Sino-Tibetan",40.70449796,-73.87086103
"521","Karen","Southeastern Asia","Sino-Tibetan",40.757178,-73.979475
"522","Kariu","Southeastern Asia","Austronesian",40.73662,-73.882338
"523","Kashmiri","Southern Asia","Indo-European",40.709875,-73.795582
"524","Kassonke","Western Africa","Mande",40.831369,-73.913641
"525","Kazakh","Central Asia","Turkic",40.767737,-73.82837
"526","Kazakh","Central Asia","Turkic",40.595451,-73.945969
"527","Khaling","Southern Asia","Sino-Tibetan",40.746015,-73.884032
"528","Khalkha Mongolian","Eastern Asia","Mongolic",40.747761,-73.884976
"529","Kham Magar","Southern Asia","Sino-Tibetan",40.75058,-73.903435
"530","Khmer","Southeastern Asia","Austroasiatic",40.64927,-73.967081
"531","Khmer","Southeastern Asia","Austroasiatic",40.866084,-73.888506
"532","Khowar","Southern Asia","Indo-European",40.73151541,-73.8666465
"533","Kikongo","Middle Africa","Atlantic-Congo",40.811421,-73.940227
"534","Kikongo","Middle Africa","Atlantic-Congo",40.714719,-74.003898
"535","Kimbundu","Western Africa","Atlantic-Congo",40.713992,-74.00393
"536","Kinaray-a","Southeastern Asia","Austronesian",40.755242,-73.907446
"537","Kinyarwanda","Eastern Africa","Atlantic-Congo",40.66381,-74.21144
"538","Kinyarwanda","Eastern Africa","Atlantic-Congo",40.749663,-73.978014
"539","Kirundi","Middle Africa","Atlantic-Congo",40.750999,-73.969222
"540","Kissi","Western Africa","Atlantic-Congo",40.611737,-74.083689
"541","Kituba","Middle Africa","Atlantic-Congo",40.679848,-73.99709
"542","Koine Greek","Southern Europe","Indo-European",40.776948,-73.915616
"543","Koine Greek","Southern Europe","Indo-European",40.769808,-73.956357
"544","Konkani","Southern Asia","Indo-European",40.785831,-73.828674
"545","Konyanka","Western Africa","Mande",40.832528,-73.916768
"546","Korean","Eastern Asia","Koreanic",40.761222,-73.826734
"547","Korean","Eastern Asia","Koreanic",40.870575,-73.885387
"548","Korean","Eastern Asia","Koreanic",40.747911,-73.987282
"549","Korean","Eastern Asia","Koreanic",40.84793,-73.99784
"550","Korean","Eastern Asia","Koreanic",40.665523,-73.989552
"551","Koryo-Mar","Central Asia","Koreanic",40.57783,-73.963273
"552","Koryo-Mar","Central Asia","Koreanic",40.668013,-73.988891
"553","Kota","Middle Africa","Atlantic-Congo",40.760052,-73.951888
"554","Koulounkalan","Western Africa","Mande",40.822623,-73.929569
"555","Kpelle","Western Africa","Mande",40.61247,-74.083024
"556","Krahn","Western Africa","Atlantic-Congo",40.613792,-74.082332
"557","Kru","Western Africa","Atlantic-Congo",40.614291,-74.082369
"558","Kulung","Southern Asia","Sino-Tibetan",40.749056,-73.886673
"559","Kumeyaay","Northern America","Yuman",40.736052,-73.999856
"560","Kuranko","Western Africa","Mande",40.75241,-73.887001
"561","Kurdish","Western Asia","Indo-European",40.595475,-73.974278
"562","Kurdish","Western Asia","Indo-European",40.92696716,-74.02628507
"563","Kurtöp","Southern Asia","Sino-Tibetan",40.741254,-73.917736
"564","Kyrgyz","Central Asia","Turkic",40.610502,-73.98252
"565","Lahu","Southeastern Asia","Sino-Tibetan",40.73949,-73.877872
"566","Lahu","Southeastern Asia","Sino-Tibetan",40.70567918,-73.87050169
"567","Lakota","Northern America","Siouan",40.729659,-73.997018
"568","Lao","Southeastern Asia","Tai-Kadai",40.7403746,-73.88812427
"569","Lao","Southeastern Asia","Tai-Kadai",40.865312,-73.903323
"570","Larteh","Western Africa","Atlantic-Congo",40.843352,-73.913811
"571","Latvian","Northern Europe","Indo-European",40.860398,-73.909667
"572","Latvian","Northern Europe","Indo-European",40.915748,-73.897693
"573","Lazuri","Western Asia","Kartvelian",40.769971,-73.920678
"574","Lemko","Eastern Europe","Indo-European",40.727475,-73.988019
"575","Lemko","Eastern Europe","Indo-European",40.92938022,-73.8712682
"576","Lezgi","Western Asia","Nakh-Daghestanian",40.590244,-73.960376
"577","Liberian English","Western Africa","Indo-European",40.614995,-74.083079
"578","Libyan Arabic","Northern Africa","Afro-Asiatic",40.767487,-73.912506
"579","Libyan Judeo-Arabic","Northern Africa","Afro-Asiatic",40.622511,-73.957976
"580","Ligurian","Southern Europe","Indo-European",40.729061,-74.001415
"581","Limba","Western Africa","Atlantic-Congo",40.75246,-73.887144
"582","Limbu","Southern Asia","Sino-Tibetan",40.746672,-73.889653
"583","Limi","Southern Asia","Sino-Tibetan",40.732779,-73.88217
"584","Lingala","Middle Africa","Atlantic-Congo",40.810126,-73.951629
"585","Lithuanian","Northern Europe","Indo-European",40.75028327,-73.99572993
"586","Lithuanian","Northern Europe","Indo-European",40.724381,-73.901266
"587","Lithuanian","Northern Europe","Indo-European",40.71429,-73.95479
"588","Litvish Yiddish","Northern Europe","Indo-European",40.669049,-73.942831
"589","Litvish Yiddish","Northern Europe","Indo-European",40.095657,-74.221398
"590","Loke","Southern Asia","Sino-Tibetan",40.866588,-73.866451
"591","Loke","Southern Asia","Sino-Tibetan",40.73613299,-74.0631647
"592","Loke","Southern Asia","Sino-Tibetan",40.75001971,-73.90331435
"593","Loma","Western Africa","Mande",40.614791,-74.081978
"594","Lombard","Southern Europe","Indo-European",40.727679,-74.000599
"595","Lotha","Southern Asia","Sino-Tibetan",40.50267205,-74.39642605
"596","Lovari Romani","Southern Europe","Indo-European",40.73197,-74.17421
"597","Low German","Western Europe","Indo-European",40.708599,-73.682073
"598","Luba-Kasai","Middle Africa","Atlantic-Congo",40.650468,-73.95448
"599","Luba-Katanga","Middle Africa","Atlantic-Congo",40.806742,-73.950948
"600","Luganda","Eastern Africa","Atlantic-Congo",40.610913,-74.410609
"601","Lukumí","Caribbean","Atlantic-Congo",40.698114,-73.937019
"602","Lukumí","Caribbean","Atlantic-Congo",40.860592,-73.892259
"603","Lummi","Northern America","Salish",40.64473289,-74.07429005
"604","Luo","Eastern Africa","Nilotic",40.822768,-73.941594
"605","Luri","Southern Asia","Indo-European",40.71048,-73.81387
"606","Luxembourgish","Western Europe","Indo-European",40.75317,-73.964764
"607","Macedonian","Southern Europe","Indo-European",40.70969,-74.017026
"608","Macedonian","Southern Europe","Indo-European",40.857636,-73.884601
"609","Macedonian","Southern Europe","Indo-European",40.781403,-73.843965
"610","Macedonian","Southern Europe","Indo-European",40.87206,-74.112867
"611","Machvaya Romani","Southern Europe","Indo-European",40.70357492,-73.93766838
"612","Madurese","Southeastern Asia","Austronesian",40.758016,-73.911834
"613","Madurese","Southeastern Asia","Austronesian",40.74306,-73.88527
"614","Magar","Southern Asia","Sino-Tibetan",40.752579,-73.902572
"615","Maguindanao","Southeastern Asia","Austronesian",40.749371,-73.9039
"616","Mahouka","Western Africa","Mande",40.79958,-73.945715
"617","Maithili","Southern Asia","Indo-European",40.53033,-74.38145
"618","Maithili","Southern Asia","Indo-European",40.749047,-73.89803
"619","Makassarese","Southeastern Asia","Austronesian",40.759148,-73.911118
"620","Makassarese","Southeastern Asia","Austronesian",40.744192,-73.884555
"621","Malagasy","Eastern Africa","Austronesian",40.73918143,-73.99724209
"622","Malagasy","Eastern Africa","Austronesian",40.743041,-73.865875
"623","Malagasy","Eastern Africa","Austronesian",40.714057,-74.004885
"624","Malay","Southeastern Asia","Austronesian",40.716908,-73.999855
"625","Malay","Southeastern Asia","Austronesian",40.73229,-73.886619
"626","Malayalam","Southern Asia","Dravidian",40.5021987,-74.6518529
"627","Malayalam","Southern Asia","Dravidian",40.59879,-74.129334
"628","Malayalam","Southern Asia","Dravidian",40.7283,-73.735958
"629","Malayalam","Southern Asia","Dravidian",40.88377,-73.858749
"630","Maltese","Southern Europe","Afro-Asiatic",40.771549,-73.919636
"631","Mam","Central America","Mayan",40.796164,-73.934599
"632","Mam","Central America","Mayan",40.70351406,-73.80019968
"633","Mam","Central America","Mayan",40.78048,-74.46321
"634","Mam","Central America","Mayan",40.814142,-73.9076
"635","Mam","Central America","Mayan",40.635886,-74.127976
"636","Mamuju","Southeastern Asia","Austronesian",40.743982,-73.883867
"637","Manado Malay","Southeastern Asia","Austronesian",40.735707,-73.886892
"638","Manang","Southern Asia","Sino-Tibetan",40.74887,-73.912785
"639","Mandarin Chinese","Eastern Asia","Sino-Tibetan",40.716722,-73.997864
"640","Mandarin Chinese","Eastern Asia","Sino-Tibetan",40.739155,-73.877471
"641","Mandarin Chinese","Eastern Asia","Sino-Tibetan",40.761419,-73.833042
"642","Mandarin Chinese","Eastern Asia","Sino-Tibetan",40.7997916,-73.54965576
"643","Mandarin Chinese","Eastern Asia","Sino-Tibetan",40.85005679,-73.85063885
"644","Mandarin Chinese","Eastern Asia","Sino-Tibetan",40.31679543,-74.7136503
"645","Mandarin Chinese","Eastern Asia","Sino-Tibetan",40.642766,-74.00205
"646","Mandingo","Western Africa","Mande",40.615207,-74.081908
"647","Mandinka","Western Africa","Mande",40.79858,-73.951935
"648","Mandinka","Western Africa","Mande",40.835085,-73.920924
"649","Mandinka","Western Africa","Mande",40.691995,-73.763086
"650","Mandjak","Western Africa","Atlantic-Congo",40.838487,-73.921589
"651","Manggarai","Southeastern Asia","Austronesian",40.742028,-73.88311
"652","Maninka","Western Africa","Mande",40.80183,-73.950692
"653","Maninka","Western Africa","Mande",40.83468067,-73.91055372
"654","Maninka","Western Africa","Mande",40.661464,-73.896701
"655","Maninka","Western Africa","Mande",40.68159246,-73.79216351
"656","Mano","Western Africa","Mande",40.615961,-74.081392
"657","Māori","Australia and New Zealand","Austronesian",40.748724,-73.984126
"658","Mapuche","South America","Araucanian",40.748707,-73.969145
"659","Maranao","Southeastern Asia","Austronesian",40.758292,-73.91033
"660","Maranao","Southeastern Asia","Austronesian",40.745963,-73.89931
"661","Marathi","Southern Asia","Indo-European",40.742349,-73.982677
"662","Marathi","Southern Asia","Indo-European",40.45165816,-74.24089186
"663","Marathi","Southern Asia","Indo-European",40.701018,-73.834263
"664","Marchigiano","Southern Europe","Indo-European",41.298876,-72.932499
"665","Marka","Western Africa","Mande",40.83441,-73.916287
"666","Marma","Southern Asia","Sino-Tibetan",40.753943,-73.891685
"667","Marshallese","Micronesia","Austronesian",40.7506,-73.971749
"668","Martinican Creole","Caribbean","Indo-European",40.6537079,-73.95934306
"669","Marwari","Southern Asia","Indo-European",40.738838,-73.795859
"670","Masalit","Northern Africa","Maban",40.650555,-73.958244
"671","Matinecock","Northern America","Algic",40.765522,-73.743015
"672","Mauritian Creole","Eastern Africa","Indo-European",40.642725,-73.937024
"673","Mazahua","Central America","Otomanguean",40.74962,-73.865261
"674","Mazanderani","Southern Asia","Indo-European",40.49776514,-74.43564009
"675","Mazatec","Central America","Otomanguean",40.746581,-73.859094
"676","Medumba","Middle Africa","Atlantic-Congo",40.845216,-73.900208
"677","Meitei","Southern Asia","Sino-Tibetan",40.752493,-73.826712
"678","Mende","Western Africa","Mande",40.701147,-73.800329
"679","Mende","Western Africa","Mande",40.617579,-74.08116
"680","Mende","Western Africa","Mande",40.848241,-73.886024
"681","Mexican Spanish","Central America","Indo-European",40.702797,-73.925414
"682","Mexican Spanish","Central America","Indo-European",40.744563,-73.866324
"683","Mexican Spanish","Central America","Indo-European",40.79759263,-73.93902701
"684","Mexican Spanish","Central America","Indo-European",40.63349274,-74.13696202
"685","Mexican Spanish","Central America","Indo-European",40.827272,-73.872126
"686","Mexican Spanish","Central America","Indo-European",40.649698,-74.007375
"687","Mien","Southeastern Asia","Hmong-Mien",40.867032,-73.907213
"688","Minangkabau","Southeastern Asia","Austronesian",40.741917,-73.887184
"689","Mingrelian","Western Asia","Kartvelian",40.611253,-73.982515
"690","Mixe","Central America","Otomanguean",40.639574,-74.015533
"691","Mixtec","Central America","Otomanguean",40.69280882,-73.92773429
"692","Mixtec","Central America","Otomanguean",40.749828,-73.863067
"693","Mixtec","Central America","Otomanguean",40.795765,-73.936666
"694","Mixtec","Central America","Otomanguean",40.625388,-74.144515
"695","Mixtec","Central America","Otomanguean",40.81061,-73.921559
"696","Mixtec","Central America","Otomanguean",40.64722926,-74.00787788
"697","Mohawk","Northern America","Iroquoian",40.686598,-73.986416
"698","Mohican","Northern America","Algic",41.690486,-73.511223
"699","Mohican","Northern America","Algic",42.03204475,-73.92900474
"700","Mojave","Northern America","Cochimi-Yuman",40.825209,-73.945185
"701","Moldovan","Eastern Europe","Indo-European",40.612929,-73.962739
"702","Moldovan","Eastern Europe","Indo-European",40.744818,-73.923978
"703","Mon","Southeastern Asia","Austroasiatic",40.679819,-73.968752
"704","Mongo","Middle Africa","Atlantic-Congo",40.803424,-73.945632
"705","Monguor","Eastern Asia","Mongolic",40.749106,-73.888125
"706","Montaukett","Northern America","Algic",41.03121,-71.95373
"707","Montenegrin","Southern Europe","Indo-European",40.767877,-73.934027
"708","Montenegrin","Southern Europe","Indo-European",40.704507,-73.901745
"709","Montserrat Creole","Caribbean","Indo-European",40.8173733,-73.94335982
"710","Moroccan Arabic","Northern Africa","Afro-Asiatic",40.768135,-73.910894
"711","Moroccan Arabic","Northern Africa","Afro-Asiatic",40.634343,-74.020482
"712","Moroccan Arabic","Northern Africa","Afro-Asiatic",40.85596348,-73.85977608
"713","Moroccan Judeo-Arabic","Northern Africa","Afro-Asiatic",40.722048,-73.837787
"714","Moroccan Judeo-Arabic","Northern Africa","Afro-Asiatic",40.605599,-73.965712
"715","Moroccan Judeo-Arabic","Northern Africa","Afro-Asiatic",40.77056971,-73.95549249
"716","Mossi","Western Africa","Atlantic-Congo",40.682285,-73.938041
"717","Mossi","Western Africa","Atlantic-Congo",40.814306,-73.944106
"718","Mossi","Western Africa","Atlantic-Congo",40.816968,-73.921716
"719","Mossi","Western Africa","Atlantic-Congo",40.721391,-74.200541
"720","Motu","Melanesia","Austronesian",40.66423,-73.70853
"721","Mugu","Southern Asia","Sino-Tibetan",40.748919,-73.891109
"722","Munda","Southern Asia","Austroasiatic",40.705068,-73.801288
"723","Palembang","Southeastern Asia","Austronesian",40.73908,-73.886131
"724","Myene","Middle Africa","Atlantic-Congo",40.633657,-73.973231
"725","Nachhiring","Southern Asia","Sino-Tibetan",40.752235,-73.894375
"726","Nahuatl","Central America","Uto-Aztecan",40.794707,-73.933952
"727","Nahuatl","Central America","Uto-Aztecan",40.625162,-74.136653
"728","Nahuatl","Central America","Uto-Aztecan",40.736977,-73.866046
"729","Nahuatl","Central America","Uto-Aztecan",40.814316,-73.91988
"730","Nahuatl","Central America","Uto-Aztecan",41.30877168,-72.89932894
"731","Nahuatl","Central America","Uto-Aztecan",40.641951,-74.014288
"732","Nar-Phu","Southern Asia","Sino-Tibetan",40.749967,-73.912624
"733","Naso","Central America","Chibchan",40.626274,-73.930097
"734","Native American English","Northern America","Indo-European",40.71641566,-73.9929287
"735","Nauruan","Micronesia","Austronesian",40.750081,-73.972288
"736","Navajo","Northern America","Athabaskan-Eyak-Tlingit",40.716649,-73.993415
"737","Ndebele","Southern Africa","Atlantic-Congo",40.682136,-73.925838
"738","Ndebele","Southern Africa","Atlantic-Congo",40.760408,-73.970252
"739","Neapolitan","Southern Europe","Indo-European",40.795147,-73.933783
"740","Neapolitan","Southern Europe","Indo-European",40.719126,-73.997061
"741","Neapolitan","Southern Europe","Indo-European",40.84914966,-73.85492159
"742","Neapolitan","Southern Europe","Indo-European",40.715745,-73.95267
"743","Neo-Mandaic","Southern Asia","Afro-Asiatic",40.739388,-73.790656
"744","Nepali","Southern Asia","Indo-European",40.63476708,-73.96480007
"745","Nepali","Southern Asia","Indo-European",40.747477,-73.888919
"746","Nepali","Southern Asia","Indo-European",40.868601,-73.902111
"747","Nepali","Southern Asia","Indo-European",40.699455,-73.909886
"748","New Zealand English","Australia and New Zealand","Indo-European",40.723919,-73.993781
"749","Newari","Southern Asia","Sino-Tibetan",40.748329,-73.891358
"750","Newfoundland English","Northern America","Indo-European",40.670937,-73.980485
"751","Nigerian English","Western Africa","Indo-European",40.661163,-73.878252
"752","Noakhailla","Southern Asia","Indo-European",40.642774,-73.978586
"753","Nones","Southern Europe","Indo-European",40.749123,-73.999578
"754","Nones","Southern Europe","Indo-European",40.701967,-73.909596
"755","North Levantine Arabic","Western Asia","Afro-Asiatic",40.767559,-73.912012
"756","North Levantine Arabic","Western Asia","Afro-Asiatic",40.63236251,-74.02127584
"757","North Levantine Arabic","Western Asia","Afro-Asiatic",40.69011235,-73.99264034
"758","North Levantine Arabic","Western Asia","Afro-Asiatic",40.708399,-74.014178
"759","North Levantine Arabic","Western Asia","Afro-Asiatic",40.934797,-73.894912
"760","Northeastern Mandarin Chinese","Eastern Asia","Sino-Tibetan",40.762554,-73.831411
"761","Northern Fujianese","Eastern Asia","Sino-Tibetan",40.610894,-73.990412
"762","Northern Fujianese","Eastern Asia","Sino-Tibetan",40.71492,-73.990687
"763","Northern Sotho","Southern Africa","Atlantic-Congo",40.816379,-73.937123
"764","Northern Thai","Southeastern Asia","Tai-Kadai",40.740219,-73.887606
"765","Norwegian","Northern Europe","Indo-European",40.628443,-74.023236
"766","Norwegian","Northern Europe","Indo-European",40.70698905,-74.01252394
"767","Nubian","Northern Africa","Nubian",40.641271,-73.978896
"768","Nubri","Southern Asia","Sino-Tibetan",40.740202,-73.879554
"769","Nuer","Eastern Africa","Nilotic",40.751174,-73.96927
"770","Occitan","Southern Europe","Indo-European",40.77736226,-73.95770167
"771","Odia","Southern Asia","Indo-European",40.7534,-73.817482
"772","Ojibwe","Northern America","Algic",40.668522,-73.95649
"773","Ojibwe","Northern America","Algic",40.71106,-73.942108
"774","Okinawan","Eastern Asia","Japonic",40.761225,-73.731879
"775","Oromo","Eastern Africa","Afro-Asiatic",40.81136,-73.942917
"776","Oshiwambo","Middle Africa","Atlantic-Congo",40.747838,-73.978871
"777","Ossetian","Eastern Europe","Indo-European",40.579576,-73.963143
"778","Otomi","Central America","Otomanguean",40.741408,-73.858847
"779","Otomi","Central America","Otomanguean",40.814055,-73.915308
"780","P'urhépecha","Central America","Tarascan",40.792098,-73.939578
"781","Pa'O","Southeastern Asia","Sino-Tibetan",40.70582964,-73.87011545
"782","Pakistani English","Southern Asia","Indo-European",40.63245567,-73.96590723
"783","Pakistani English","Southern Asia","Indo-European",40.74971646,-73.8939521
"784","Palatine German","Western Europe","Indo-European",40.688855,-74.019092
"785","Palauan","Micronesia","Austronesian",40.752674,-73.966658
"786","Pali","Southern Asia","Indo-European",40.63614,-74.143197
"787","Pali","Southern Asia","Indo-European",40.727853,-73.751883
"788","Pampangan","Southeastern Asia","Austronesian",40.746258,-73.896194
"789","Pana","Western Africa","Atlantic-Congo",40.835925,-73.857332
"790","Panamanian English","Central America","Indo-European",40.64731688,-73.95580343
"791","Panamanian Spanish","Central America","Indo-European",40.64797421,-73.95542255
"792","Pangasinan","Southeastern Asia","Austronesian",40.731232,-73.985815
"793","Pangasinan","Southeastern Asia","Austronesian",40.74415,-73.902151
"794","Papantla Totonac","Central America","Totonacan",40.637978,-74.133252
"795","Papiamento","Caribbean","Indo-European",40.63904697,-73.95416108
"796","Pashto","Southern Asia","Indo-European",40.726405,-73.810443
"797","Pashto","Southern Asia","Indo-European",40.63236908,-73.96733112
"798","Persian","Southern Asia","Indo-European",40.711015,-74.008764
"799","Persian","Southern Asia","Indo-European",40.80072,-73.72801
"800","Persian","Southern Asia","Indo-European",40.701187,-73.814804
"801","Persian","Southern Asia","Indo-European",40.613706,-73.969003
"802","Peruvian Quechua","South America","Quechuan",40.746069,-73.897655
"803","Philippine English","Southeastern Asia","Indo-European",40.7295349,-73.98113584
"804","Philippine English","Southeastern Asia","Indo-European",40.745648,-73.896028
"805","Piedmontese","Southern Europe","Indo-European",40.730354,-74.002786
"806","Pijin","Melanesia","Indo-European",40.7509,-73.971744
"807","Polish","Eastern Europe","Indo-European",40.726749,-73.984901
"808","Polish","Eastern Europe","Indo-European",40.729501,-73.949517
"809","Polish","Eastern Europe","Indo-European",40.62887008,-74.24255226
"810","Polish","Eastern Europe","Indo-European",40.72445,-73.903433
"811","Polish","Eastern Europe","Indo-European",40.92051589,-72.66891614
"812","Polish","Eastern Europe","Indo-European",40.660938,-73.998529
"813","Pontic Greek","Southern Europe","Indo-European",40.767115,-73.883709
"814","Pontic Greek","Southern Europe","Indo-European",41.117337,-73.412977
"815","Poqomchi'","Central America","Mayan",40.9361,-74.13191
"816","Portuguese","Southern Europe","Indo-European",40.68009,-74.001217
"817","Portuguese","Southern Europe","Indo-European",40.70469235,-74.01090212
"818","Portuguese","Southern Europe","Indo-European",40.696955,-73.803831
"819","Portuguese","Southern Europe","Indo-European",40.73166091,-74.16293247
"820","Pothwari","Southern Asia","Indo-European",40.63235707,-73.96705032
"821","Puerto Rican Spanish","Caribbean","Indo-European",41.18671462,-73.19418317
"822","Puerto Rican Spanish","Caribbean","Indo-European",40.801556,-73.936445
"823","Puerto Rican Spanish","Caribbean","Indo-European",40.716075,-73.984655
"824","Puerto Rican Spanish","Caribbean","Indo-European",40.812335,-73.911421
"825","Puerto Rican Spanish","Caribbean","Indo-European",40.86220143,-74.11604595
"826","Puerto Rican Spanish","Caribbean","Indo-European",40.69375654,-73.90065749
"827","Puerto Rican Spanish","Caribbean","Indo-European",40.712642,-73.961534
"828","Pugliese (Barese)","Southern Europe","Indo-European",40.718155,-73.997684
"829","Pugliese (Bitettese)","Southern Europe","Indo-European",40.61786962,-73.94165669
"830","Pugliese (Casamassimese)","Southern Europe","Indo-European",40.703203,-74.095082
"831","Pugliese (Conversanese)","Southern Europe","Indo-European",40.78522443,-73.81661627
"832","Pugliese (Garganico)","Southern Europe","Indo-European",40.856658,-73.886523
"833","Pugliese (Molese)","Southern Europe","Indo-European",40.678017,-73.997837
"834","Pugliese (Molese)","Southern Europe","Indo-European",40.561182,-74.104524
"835","Pugliese (Molfettese)","Southern Europe","Indo-European",40.742335,-74.036384
"836","Punjabi","Southern Asia","Indo-European",40.726024,-73.725404
"837","Punjabi","Southern Asia","Indo-European",40.72283517,-73.9864742
"838","Punjabi","Southern Asia","Indo-European",40.73696801,-74.06989929
"839","Punjabi","Southern Asia","Indo-European",40.63155866,-73.96582408
"840","Punjabi","Southern Asia","Indo-European",40.691365,-73.827835
"841","Q'anjob'al","Central America","Mayan",40.81152,-73.914362
"842","Q'eqchi'","Central America","Mayan",41.92698,-73.99737
"843","Quebec French","Northern America","Indo-European",40.772765,-73.960333
"844","Rakhine","Southeastern Asia","Sino-Tibetan",40.74371103,-73.89160054
"845","Rakhine","Southeastern Asia","Sino-Tibetan",40.67974,-73.96921
"846","Ramaluk","Southern Asia","Sino-Tibetan",40.74699277,-73.89161824
"847","Rangpuri","Southern Asia","Indo-European",40.687334,-73.835771
"848","Romani","Southern Europe","Indo-European",40.721744,-73.99335721
"849","Romani","Southern Europe","Indo-European",40.70152109,-73.90802983
"850","Romanian","Eastern Europe","Indo-European",40.70541286,-73.90177778
"851","Romanian","Eastern Europe","Indo-European",40.745089,-73.921225
"852","Romanian","Eastern Europe","Indo-European",40.787847,-73.9697
"853","Romansh","Western Europe","Indo-European",40.588353,-73.956461
"854","Rushani","Central Asia","Indo-European",40.617724,-73.982681
"855","Rushani","Central Asia","Indo-European",40.731044,-73.867194
"856","Russian","Eastern Europe","Indo-European",40.57539,-73.961612
"857","Russian","Eastern Europe","Indo-European",40.571637,-74.093101
"858","Russian","Eastern Europe","Indo-European",40.902686,-73.902505
"859","Russian","Eastern Europe","Indo-European",40.729051,-73.860054
"860","Russian","Eastern Europe","Indo-European",40.83949708,-73.65098877
"861","Russian","Eastern Europe","Indo-European",40.78897593,-73.95423556
"862","Rusyn","Eastern Europe","Indo-European",40.727934,-73.982772
"863","Rusyn","Eastern Europe","Indo-European",40.54321708,-74.60723156
"864","Rusyn","Eastern Europe","Indo-European",40.71942159,-73.95342952
"865","Rusyn","Eastern Europe","Indo-European",40.88376112,-74.20264294
"866","Sami","Northern Europe","Uralic",40.64637419,-74.0035
"867","Samoan","Polynesia","Austronesian",40.751893,-73.973397
"868","Sampang","Southern Asia","Sino-Tibetan",40.746188,-73.889129
"869","Sandwippa","Southern Asia","Indo-European",40.641732,-73.982326
"870","Sango","Middle Africa","Atlantic-Congo",40.752812,-73.965845
"871","Sangsari","Southern Asia","Indo-European",40.708068,-73.828673
"872","Sanskrit","Southern Asia","Indo-European",40.752992,-73.816982
"873","Sanskrit","Southern Asia","Indo-European",40.682057,-73.853563
"874","Santali","Southern Asia","Indo-European",40.703264,-73.805105
"875","Saraiki","Southern Asia","Indo-European",40.62975153,-73.96627248
"876","Sasak","Southeastern Asia","Austronesian",40.757561,-73.911035
"877","Sasak","Southeastern Asia","Austronesian",40.742606,-73.884472
"878","Scots","Northern Europe","Indo-European",40.757643,-74.156355
"879","Scots","Northern Europe","Indo-European",40.725598,-74.00584
"880","Scottish Gaelic","Northern Europe","Indo-European",40.753742,-73.992103
"881","Seke","Southern Asia","Sino-Tibetan",40.64219974,-73.96176433
"882","Seke","Southern Asia","Sino-Tibetan",40.748514,-73.890595
"883","Senoufo","Western Africa","Atlantic-Congo",40.814717,-73.943795
"884","Senoufo","Western Africa","Atlantic-Congo",40.83070223,-73.91847491
"885","Serbian","Southern Europe","Indo-European",40.65913936,-74.21633314
"886","Serbian","Southern Europe","Indo-European",40.744062,-73.989949
"887","Serbian","Southern Europe","Indo-European",40.69963,-73.888709
"888","Serer","Western Africa","Atlantic-Congo",40.802883,-73.951915
"889","Serer","Western Africa","Atlantic-Congo",40.83621,-73.852319
"890","Seychellois Creole","Eastern Africa","Indo-European",40.75001,-73.971732
"891","Shan","Southeastern Asia","Tai-Kadai",40.739978,-73.878612
"892","Shan","Southeastern Asia","Tai-Kadai",40.70558564,-73.87082892
"893","Shan","Southeastern Asia","Tai-Kadai",40.67949,-73.968762
"894","Shanghainese","Eastern Asia","Sino-Tibetan",40.715912,-73.996684
"895","Shanghainese","Eastern Asia","Sino-Tibetan",40.751374,-73.823498
"896","Shapsug","Western Asia","Abkhaz-Adyge",40.938236,-74.201781
"897","Sharchop","Southern Asia","Sino-Tibetan",40.741297,-73.918333
"898","Sherpa","Southern Asia","Sino-Tibetan",40.745408,-73.8895555
"899","Sherpa","Southern Asia","Sino-Tibetan",40.640372,-73.96564
"900","Shina","Southern Asia","Indo-European",40.632465,-74.006391
"901","Shina","Southern Asia","Indo-European",40.73186501,-73.86658213
"902","Shinnecock","Northern America","Algic",40.87444,-72.432222
"903","Shona","Eastern Africa","Atlantic-Congo",40.76193,-73.949924
"904","Shuar","South America","Chicham",40.740289,-73.852694
"905","Shughni","Southern Asia","Indo-European",40.617631,-73.990366
"906","Shughni","Southern Asia","Indo-European",40.731689,-73.867039
"907","Shupamem","Middle Africa","Atlantic-Congo",40.845503,-73.889849
"908","Sichuanese","Eastern Asia","Sino-Tibetan",40.754672,-73.824709
"909","Sicilian","Southern Europe","Indo-European",40.666198,-74.121954
"910","Sicilian","Southern Europe","Indo-European",40.8547436,-73.88834188
"911","Sicilian","Southern Europe","Indo-European",40.685819,-73.995809
"912","Sicilian","Southern Europe","Indo-European",40.59537677,-73.99041031
"913","Sicilian","Southern Europe","Indo-European",40.717594,-73.99632
"914","Sicilian","Southern Europe","Indo-European",40.707108,-73.903259
"915","Sierra Leone Creole","Western Africa","Indo-European",40.843582,-73.903472
"916","Sierra Leone Creole","Western Africa","Indo-European",40.617367,-74.080688
"917","Sierra Totonac","Central America","Totonacan",40.875742,-74.123967
"918","Denjongke","Southern Asia","Sino-Tibetan",40.7526,-73.9243
"919","Silesian","Eastern Europe","Indo-European",40.731949,-73.949975
"920","Sindhi","Southern Asia","Indo-European",40.743501,-73.889015
"921","Sindhi","Southern Asia","Indo-European",40.74202,-73.98291
"922","Sindhi","Southern Asia","Indo-European",40.63031543,-73.9660899
"923","Singlish","Southeastern Asia","Indo-European",40.753147,-73.968607
"924","Sinhalese","Southern Asia","Indo-European",40.625724,-74.075211
"925","Sinhalese","Southern Asia","Indo-European",40.40002942,-74.58920329
"926","Sinhalese","Southern Asia","Indo-European",40.727853,-73.750883
"927","Siwi","Northern Africa","Afro-Asiatic",40.767961,-73.911701
"928","Slovak","Eastern Europe","Indo-European",40.72370739,-73.95087109
"929","Slovak","Eastern Europe","Indo-European",40.763807,-73.958091
"930","Slovak","Eastern Europe","Indo-European",40.948007,-73.873622
"931","Slovenian","Eastern Europe","Indo-European",40.727947,-73.986446
"932","Slovenian","Eastern Europe","Indo-European",40.70671312,-73.90525162
"933","Somali","Eastern Africa","Afro-Asiatic",40.803833,-73.953558
"934","Songhay","Western Africa","Songhay",40.80295,-73.946436
"935","Songhay","Western Africa","Songhay",40.86454324,-73.89060028
"936","Soninke","Western Africa","Mande",40.863343,-73.896855
"937","Soninke","Western Africa","Mande",40.827056,-73.944652
"938","South African English","Southern Africa","Indo-European",40.747171,-73.972777
"939","South Levantine Arabic","Western Asia","Afro-Asiatic",40.63548973,-74.02053695
"940","South Levantine Arabic","Western Asia","Afro-Asiatic",40.918426,-74.167821
"941","Spanglish","Northern America","Indo-European",40.798345,-73.941509
"942","Spanglish","Northern America","Indo-European",40.722038,-73.981483
"943","Sranan Tongo","South America","Indo-European",40.688973,-73.817072
"944","Sri Lankan English","Southern Asia","Indo-European",40.628022,-74.074366
"945","Sri Lankan Tamil","Southern Asia","Dravidian",40.615925,-74.102898
"946","Sri Lankan Tamil","Southern Asia","Dravidian",40.715457,-73.741532
"947","St. Kitts Creole","Caribbean","Indo-European",40.87601637,-73.82862223
"948","St. Lucian Creole (English)","Caribbean","Indo-European",40.65163004,-73.93244823
"949","St. Lucian Creole (French)","Caribbean","Indo-European",40.651155,-73.931481
"950","Sudanese Arabic","Northern Africa","Afro-Asiatic",40.683596,-74.001324
"951","Sundanese","Southeastern Asia","Austronesian",40.758821,-73.911804
"952","Sundanese","Southeastern Asia","Austronesian",40.743866,-73.885241
"953","Sunwar","Southern Asia","Sino-Tibetan",40.746141,-73.890133
"954","Susu","Western Africa","Mande",40.825858,-73.928101
"955","Susu","Western Africa","Mande",40.796702,-73.948169
"956","Svan","Western Asia","Kartvelian",40.615344,-73.996824
"957","Swabian","Western Europe","Indo-European",40.72615665,-73.98336473
"958","Swahili","Eastern Africa","Atlantic-Congo",40.682314,-73.930328
"959","Swahili","Eastern Africa","Atlantic-Congo",40.820094,-73.944406
"960","Swahili","Eastern Africa","Atlantic-Congo",40.714102,-74.072159
"961","Swati","Southern Africa","Atlantic-Congo",40.752015,-73.971701
"962","Swiss German","Western Europe","Indo-European",40.751549,-73.976685
"963","Sylheti","Southern Asia","Indo-European",40.757027,-73.930985
"964","Sylheti","Southern Asia","Indo-European",40.639024,-73.975506
"965","Sylheti","Southern Asia","Indo-European",40.877143,-73.879021
"966","Sylheti","Southern Asia","Indo-European",40.680082,-73.861136
"967","Syriac","Western Asia","Afro-Asiatic",40.687837,-73.984766
"968","Syriac","Western Asia","Afro-Asiatic",40.952931,-74.076824
"969","Syrian Judeo-Arabic","Western Asia","Afro-Asiatic",40.71750208,-73.99122362
"970","Syrian Judeo-Arabic","Western Asia","Afro-Asiatic",40.252374,-74.001209
"971","Syrian Judeo-Arabic","Western Asia","Afro-Asiatic",40.599219,-73.966234
"972","Syro-Malankara Syriac","Southern Asia","Afro-Asiatic",40.744794,-73.712307
"973","Tagalog","Southeastern Asia","Austronesian",40.730095,-73.980013
"974","Tagalog","Southeastern Asia","Austronesian",40.714214,-73.777095
"975","Tagalog","Southeastern Asia","Austronesian",40.73491125,-74.05902501
"976","Tagalog","Southeastern Asia","Austronesian",40.833352,-73.90282
"977","Tagalog","Southeastern Asia","Austronesian",40.74637,-73.895345
"978","Taíno","Caribbean","Arawakan",40.867332,-73.922827
"979","Taishanese","Eastern Asia","Sino-Tibetan",40.754,-73.829123
"980","Taishanese","Eastern Asia","Sino-Tibetan",40.719229,-73.996307
"981","Taishanese","Eastern Asia","Sino-Tibetan",40.61862277,-73.98428289
"982","Taiwanese","Eastern Asia","Sino-Tibetan",40.763296,-73.829564
"983","Taiwanese","Eastern Asia","Sino-Tibetan",40.640121,-74.008508
"984","Tajik","Central Asia","Indo-European",40.724723,-73.847605
"985","Tajik","Central Asia","Indo-European",40.584019,-73.950845
"986","Tamang","Southern Asia","Sino-Tibetan",40.698555,-73.907886
"987","Tamang","Southern Asia","Sino-Tibetan",40.742475,-73.904506
"988","Tamil","Southern Asia","Dravidian",40.628745,-74.636082
"989","Tamil","Southern Asia","Dravidian",40.754806,-73.716303
"990","Tamil","Southern Asia","Dravidian",40.74148533,-73.98309462
"991","Tamil","Southern Asia","Dravidian",40.73572974,-74.06629813
"992","Tarifit","Northern Africa","Afro-Asiatic",40.767356,-73.911466
"993","Tashelhyt","Northern Africa","Afro-Asiatic",40.767211,-73.912051
"994","Tatar","Eastern Europe","Turkic",40.781358,-73.845833
"995","Tatar","Eastern Europe","Turkic",40.71201,-73.946781
"996","Tausug","Southeastern Asia","Austronesian",40.745807,-73.902607
"997","Tawala","Melanesia","Austronesian",40.66423,-73.71353
"998","Tedim Chin","Southeastern Asia","Sino-Tibetan",40.70554905,-73.87129026
"999","Telugu","Southern Asia","Dravidian",40.750112,-73.762918
"1000","Telugu","Southern Asia","Dravidian",40.542939,-74.32825
"1001","Telugu","Southern Asia","Dravidian",40.73564041,-74.06588913
"1002","Tem","Western Africa","Atlantic-Congo",40.828653,-73.892088
"1003","Temne","Western Africa","Atlantic-Congo",40.696508,-73.791409
"1004","Temne","Western Africa","Atlantic-Congo",40.61705,-74.080806
"1005","Temne","Western Africa","Atlantic-Congo",40.848861,-73.890717
"1006","Teochew","Eastern Asia","Sino-Tibetan",40.715785,-73.998674
"1007","Teochew","Eastern Asia","Sino-Tibetan",40.908864,-73.880689
"1008","Tepehua","Central America","Totonacan",40.738474,-73.85651
"1009","Tetum","Southeastern Asia","Austronesian",40.75217,-73.966173
"1010","Thai","Southeastern Asia","Tai-Kadai",40.86357416,-73.09402532
"1011","Thai","Southeastern Asia","Tai-Kadai",40.74033802,-73.88727133
"1012","Thai","Southeastern Asia","Tai-Kadai",40.761009,-73.990538
"1013","Thai","Southeastern Asia","Tai-Kadai",40.85373,-73.900376
"1014","Thakali","Southern Asia","Sino-Tibetan",40.640355,-73.966977
"1015","Thakali","Southern Asia","Sino-Tibetan",40.748901,-73.891471
"1016","Tharu","Southern Asia","Indo-European",40.74933,-73.893447
"1017","Tibetan","Eastern Asia","Sino-Tibetan",40.73993933,-73.87942265
"1018","Tibetan","Eastern Asia","Sino-Tibetan",40.63354626,-73.96578349
"1019","Tibetan","Eastern Asia","Sino-Tibetan",40.858839,-73.865862
"1020","Tibetan","Eastern Asia","Sino-Tibetan",41.55620183,-74.1803347
"1021","Tibetan","Eastern Asia","Sino-Tibetan",40.75567,-73.904271
"1022","Tigre","Eastern Africa","Afro-Asiatic",40.832265,-73.850275
"1023","Tigrinya","Eastern Africa","Afro-Asiatic",40.831249,-73.85133
"1024","Tigrinya","Eastern Africa","Afro-Asiatic",40.810009,-73.95805
"1025","Tiv","Western Africa","Atlantic-Congo",40.637245,-73.958773
"1026","Tlapanec","Central America","Otomanguean",40.824069,-73.945258
"1027","Tlapanec","Central America","Otomanguean",40.808961,-73.908564
"1028","Tö Tibetan","Eastern Asia","Sino-Tibetan",40.744343,-73.919346
"1029","Tobagonian Creole","Caribbean","Indo-European",40.63804623,-73.89159878
"1030","Tok Pisin","Melanesia","Indo-European",40.750807,-73.973998
"1031","Tokpe Gola","Southern Asia","Sino-Tibetan",40.746539,-73.892884
"1032","Tonga","Eastern Africa","Atlantic-Congo",40.813291,-73.939067
"1033","Tongan","Polynesia","Austronesian",40.755607,-73.968567
"1034","Tontemboan","Southeastern Asia","Austronesian",40.737896,-73.875623
"1035","Tosk Albanian","Southern Europe","Indo-European",40.61261055,-73.97947346
"1036","Tosk Albanian","Southern Europe","Indo-European",40.721232,-73.784371
"1037","Tosk Albanian","Southern Europe","Indo-European",40.704121,-73.895448
"1038","Trinidadian Creole","Caribbean","Indo-European",40.64303416,-73.90241004
"1039","Trinidadian Creole","Caribbean","Indo-European",40.66164436,-73.96051167
"1040","Trinidadian Creole","Caribbean","Indo-European",40.685184,-73.829628
"1041","Trinidadian Creole","Caribbean","Indo-European",40.89422049,-73.85678341
"1042","Tripuri","Southern Asia","Sino-Tibetan",40.75482,-73.891022
"1043","Triqui","Central America","Otomanguean",40.49241522,-74.44580904
"1044","Tsum","Southern Asia","Sino-Tibetan",40.752061,-73.895899
"1045","Tswana","Southern Africa","Atlantic-Congo",40.753547,-73.973407
"1046","Tuareg","Northern Africa","Afro-Asiatic",40.808243,-73.941056
"1047","Tulu","Southern Asia","Dravidian",40.75272,-73.816919
"1048","Tumbuka","Eastern Africa","Atlantic-Congo",40.813635,-73.94798
"1049","Tunisian Arabic","Northern Africa","Afro-Asiatic",40.768328,-73.911964
"1050","Tunisian Judeo-Arabic","Northern Africa","Afro-Asiatic",40.62242,-73.965662
"1051","Turkish","Western Asia","Turkic",40.582256,-73.965657
"1052","Turkish","Western Asia","Turkic",40.749019,-73.995953
"1053","Turkish","Western Asia","Turkic",40.892809,-74.142168
"1054","Turkish","Western Asia","Turkic",40.743606,-73.919427
"1055","Turkmen","Central Asia","Turkic",40.610069,-73.994898
"1056","Turoyo Neo-Aramaic","Western Asia","Afro-Asiatic",40.956399,-74.009313
"1057","Tuscan","Southern Europe","Indo-European",40.728591,-74.000681
"1058","Tuvan","Eastern Europe","Turkic",40.5764508,-73.96639099
"1059","Twi","Western Africa","Atlantic-Congo",40.857459,-73.89955
"1060","Twi","Western Africa","Atlantic-Congo",40.70825347,-74.19518383
"1061","Twi","Western Africa","Atlantic-Congo",40.61673,-74.081192
"1062","Twi","Western Africa","Atlantic-Congo",40.655961,-73.953432
"1063","Tz'utujil","Central America","Mayan",40.932922,-74.155997
"1064","Tz'utujil","Central America","Mayan",40.64443,-74.010464
"1065","Tzotzil","Central America","Mayan",40.740306,-73.864997
"1066","Ü-Tsang Tibetan","Eastern Asia","Sino-Tibetan",40.747601,-73.891702
"1067","Uyghur","Eastern Asia","Turkic",40.57772,-73.955372
"1068","Uyghur","Eastern Asia","Turkic",40.756503,-73.830804
"1069","Ulster Scots","Northern Europe","Indo-European",40.70938683,-74.00805154
"1070","Umbundu","Middle Africa","Atlantic-Congo",40.750864,-73.971223
"1071","Unkechaug","Northern America","Algic",40.78972,-72.83278
"1072","Urdu","Southern Asia","Indo-European",40.631056,-73.966223
"1073","Urdu","Southern Asia","Indo-European",40.750582,-73.894176
"1074","Urdu","Southern Asia","Indo-European",40.710311,-73.794989
"1075","Urdu","Southern Asia","Indo-European",40.722908,-74.05999761
"1076","Urdu","Southern Asia","Indo-European",40.611024,-74.08737
"1077","Urdu","Southern Asia","Indo-European",40.839072,-73.865737
"1078","Urhobo","Western Africa","Atlantic-Congo",40.822789,-73.821649
"1079","Uzbek","Central Asia","Turkic",40.611249,-73.995133
"1080","Uzbek","Central Asia","Turkic",40.886361,-74.570161
"1081","Uzbek","Central Asia","Turkic",40.722512,-73.844181
"1082","Vai","Western Africa","Mande",40.61044,-74.083379
"1083","Venetian","Southern Europe","Indo-European",40.704999,-74.008857
"1084","Vietnamese","Southeastern Asia","Austroasiatic",40.617997,-73.993985
"1085","Vietnamese","Southeastern Asia","Austroasiatic",40.743318,-73.887094
"1086","Vietnamese","Southeastern Asia","Austroasiatic",40.721381,-73.991177
"1087","Vietnamese","Southeastern Asia","Austroasiatic",40.846661,-73.888751
"1088","Vincentian Creole","Caribbean","Indo-European",40.66252565,-73.95520111
"1089","Virgin Islands Creole","Caribbean","Indo-European",40.82005089,-73.92808258
"1090","Volga Tatar","Eastern Europe","Turkic",40.575011,-73.963777
"1091","Wa","Southeastern Asia","Austroasiatic",40.7421422,-73.89048475
"1092","Wa","Southeastern Asia","Austroasiatic",40.705123,-73.870728
"1093","Wa","Southeastern Asia","Austroasiatic",40.680076,-73.969581
"1094","Wakhi","Southern Asia","Indo-European",40.615914,-73.986488
"1095","Wali","Western Africa","Atlantic-Congo",40.84878,-73.915574
"1096","Walloon","Western Europe","Indo-European",40.701345,-74.012598
"1097","Walung","Southern Asia","Sino-Tibetan",40.756795,-73.899191
"1098","Waray-Waray","Southeastern Asia","Austronesian",40.748374,-73.896069
"1099","Welsh","Northern Europe","Indo-European",40.779649,-73.982239
"1100","Wenzhounese","Eastern Asia","Sino-Tibetan",40.713266,-73.99703
"1101","Wenzhounese","Eastern Asia","Sino-Tibetan",40.757374,-73.831189
"1102","Wenzhounese","Eastern Asia","Sino-Tibetan",40.633232,-74.011633
"1103","West Ambae","Melanesia","Austronesian",40.753893,-73.973397
"1104","Western Armenian","Western Asia","Indo-European",40.748382,-73.996172
"1105","Western Armenian","Western Asia","Indo-European",40.770532,-73.751444
"1106","Western Armenian","Western Asia","Indo-European",40.927626,-74.025342
"1107","Western Armenian","Western Asia","Indo-European",40.744001,-73.924129
"1108","Western Armenian","Western Asia","Indo-European",40.852689,-73.93044
"1109","Wolof","Western Africa","Atlantic-Congo",40.684095,-73.954215
"1110","Wolof","Western Africa","Atlantic-Congo",40.832979,-73.855036
"1111","Wolof","Western Africa","Atlantic-Congo",40.803905,-73.95269
"1112","Xhosa","Southern Africa","Atlantic-Congo",40.746911,-73.971575
"1113","Yakan","Southeastern Asia","Austronesian",40.74677,-73.91066
"1114","Yakut","Eastern Europe","Turkic",40.577815,-73.935561
"1115","Yemba","Middle Africa","Atlantic-Congo",40.84647,-73.88566
"1116","Yemeni Arabic","Western Asia","Afro-Asiatic",40.63461,-74.020714
"1117","Yemeni Arabic","Western Asia","Afro-Asiatic",40.689894,-73.993658
"1118","Yemeni Arabic","Western Asia","Afro-Asiatic",40.847458,-73.866239
"1119","Yemenite Judeo-Arabic","Western Asia","Afro-Asiatic",40.638603,-73.991988
"1120","Yiddish","Eastern Europe","Indo-European",40.724614,-73.820748
"1121","Yiddish","Eastern Europe","Indo-European",40.713986,-73.989543
"1122","Yiddish","Eastern Europe","Indo-European",40.877972,-73.879699
"1123","Yiddish","Eastern Europe","Indo-European",40.66899494,-73.91547325
"1124","Hyolmo","Southern Asia","Sino-Tibetan",40.744864,-73.896722
"1125","Yoruba","Western Africa","Atlantic-Congo",40.626477,-74.076736
"1126","Yoruba","Western Africa","Atlantic-Congo",40.82895,-73.915975
"1127","Yoruba","Western Africa","Atlantic-Congo",40.638492,-73.972166
"1128","Yoruba","Western Africa","Atlantic-Congo",40.681809,-73.792175
"1129","Yunnanese","Eastern Asia","Sino-Tibetan",40.75877591,-73.83161529
"1130","Zacaptec Mixtec","Central America","Otomanguean",40.48968482,-74.45089143
"1131","Zaghawa","Northern Africa","Saharan",40.647359,-73.959879
"1132","Zapotec","Central America","Otomanguean",40.49170554,-74.4542884
"1133","Zapotec","Central America","Otomanguean",41.707,-73.92922
"1134","Zarma","Western Africa","Songhay",40.863258,-73.901373
"1135","Zaza","Western Asia","Indo-European",40.764276,-73.974029
"1136","Zoroastrian Dari","Southern Asia","Indo-European",41.167454,-74.052393
"1137","Zulu","Southern Africa","Atlantic-Congo",40.746455,-73.971775
"1138","Zuwara","Northern Africa","Afro-Asiatic",40.768641,-73.911605
"1139","Tosk Albanian","Southern Europe","Indo-European",40.8698256,-74.110074
"1140","Tosk Albanian","Southern Europe","Indo-European",40.8545926,-73.88126266
"1141","Breton","Western Europe","Indo-European",40.763304,-73.986284
"1142","Ningbo","Eastern Asia","Sino-Tibetan",40.70459875,-73.94463072
"1143","Norwegian","Northern Europe","Indo-European",40.54837016,-74.14739902
"1144","Sherpa","Southern Asia","Sino-Tibetan",41.61972086,-74.18482401
"1145","Franconian","Western Europe","Indo-European",40.85033483,-73.93735183
"1146","Rashti","Southern Asia","Indo-European",40.77146843,-73.96299545
"1147","Dutch","Western Europe","Indo-European",41.93300212,-74.01903116
"1148","Lemko","Eastern Europe","Indo-European",41.67496382,-73.00488804
"1149","Quiripi","Northern America","Algic",41.29862302,-72.90824049
"1150","Slovenian","Eastern Europe","Indo-European",41.20066114,-73.2536926
"1151","Cape Verdean Creole","Western Africa","Indo-European",41.18524644,-73.20075756
"1152","Finnish","Northern Europe","Uralic",40.80777745,-73.94248724
"1153","Sylheti","Southern Asia","Indo-European",40.72636833,-73.98631918
"1154","Chechen","Eastern Europe","Nakh-Daghestanian",40.87584048,-74.13939945
"1155","Arbëresh","Southern Europe","Indo-European",40.81497009,-73.9134377
"1156","Sri Lankan Malay","Southern Asia","Austronesian",40.63389855,-74.08565592
"1157","Kandhari","Southern Asia","Indo-European",40.76996803,-73.52473145
"1158","Pashto","Southern Asia","Indo-European",40.7584633,-73.51158481
"1159","Kabli","Southern Asia","Indo-European",40.76986578,-73.52165673
"1160","Peruvian Quechua","South America","Quechuan",40.66014113,-73.98462416
"1161","Slovak","Eastern Europe","Indo-European",40.77313271,-73.91610347
"1162","Algerian Arabic","Northern Africa","Afro-Asiatic",40.59894853,-73.99741832
"1163","Kadazan Dusun","Southeastern Asia","Austronesian",40.80278362,-73.9642339
"1164","Tanchangya","Southern Asia","Indo-European",40.75577113,-73.89203393
"1165","Mazahua","Central America","Otomanguean",40.72813684,-74.15512753
"1166","Cypriot Turkish","Southern Europe","Turkic",40.8466281,-73.86115844
"1167","Kuna","Central America","Chibchan",40.68349491,-73.99344891
"1168","Tagalog","Southeastern Asia","Austronesian",40.69961289,-73.98058551
"1169","Memoni","Southern Asia","Indo-European",40.73930222,-73.69977384
"1170","Kodava","Southern Asia","Dravidian",40.516197,-74.356567
"1171","Sangtam","Southern Asia","Sino-Tibetan",40.5017604,-74.39808902
"1172","Ao","Southern Asia","Sino-Tibetan",40.51767823,-74.40786063
"1173","Konyak","Southern Asia","Sino-Tibetan",40.6965817,-73.98331121
"1174","Sema","Southern Asia","Sino-Tibetan",40.63372132,-73.9649681
"1175","Pochury","Southern Asia","Sino-Tibetan",40.59299394,-74.62656605
"1176","Changki","Southern Asia","Sino-Tibetan",40.7277572,-73.98210737
"1177","Tangkhul","Southern Asia","Sino-Tibetan",40.76101637,-74.21047832
"1178","Nagamese","Southern Asia","Indo-European",40.50179303,-74.39550337
"1179","Pugliese (Palese)","Southern Europe","Indo-European",40.66013248,-73.83096162
"1180","Sorani Kurdish","Western Asia","Indo-European",40.75417743,-73.97069261
"1181","Pugliese (Grumese)","Southern Europe","Indo-European",40.83196435,-73.82579469
"1182","North Frisian","Western Europe","Indo-European",40.6857747,-73.69790506
"1183","Winnebago","Northern America","Siouan",40.77570425,-73.98446418
"1184","Saramaccan Creole","South America","Indo-European",40.72037597,-73.74191172
"1185","Hungarian","Eastern Europe","Uralic",40.8701177,-74.11442638
"1186","Hamgyŏng Korean (Joseonjok)","Eastern Asia","Koreanic",40.76493951,-73.82159424
"1187","Lamnso","Middle Africa","Atlantic-Congo",40.84835381,-73.89312066
"1188","Bafut","Middle Africa","Atlantic-Congo",40.84777759,-73.89543809
"1189","Duala","Middle Africa","Atlantic-Congo",40.84609759,-73.89226235
"1190","Falam Chin","Southeastern Asia","Sino-Tibetan",40.59047196,-73.97438292
"1191","Romagnol","Southern Europe","Indo-European",40.76701301,-73.91247562
